ID,Age Class,Sex,Confidence,Reason,Tag ID,Biopsy,Genetics,Falcone Age Category,Falcone Age,Falcone Sex,Cascadia Age,Cascadia Gender,Comments
Zca_001,Adult,Male,Med High,Heavy scarring; white head,,,,Adult,Adult,Male,,,
Zca_002,Adult,Male,High,Erupted teeth; genetics,,ZTS_13_032,Male,Reproductive,Adult,Male,,,Partial biopsy sample
Zca_003,Adult,Male,High,Erupted teeth; genetics,,ZTS_21_017,Male,Subadult- 2014,Subadult- 2014,Male,,,
Zca_003,Adult,Male,High,Erupted teeth; genetics,,,,Reproductive- 2018,Adult- 2018,Male,,,
Zca_004,Adult,Male,High,Erupted teeth,,,,Reproductive,Adult,Male,,,
Zca_005,Unknown,Unknown,,Brown; paler head,,,,Subadult ,Subadult,Male,,,
Zca_006,Adult,Male,High,White animal; heavy scarring; no teeth,ZcTag040,,,Reproductive,Adult,Male,Adult,Male,Teeth eroded (?)
Zca_007,Adult,Male,Med High,Heavy scarring; white head,,,,Adult,Adult,Male,,,
Zca_008,Adult,Male,Med High,Heavy scarring; white head,,,,Adult,Adult,Male,,,
Zca_009,Adult,Female,High,With calf in 2014,,,,No photo,No photo,No photo,,,
Zca_010,Adult,Male,Medium,Moderate scarring,,,,Adult,Adult,Male,,,
Zca_011,Adult,Male,High,Erupted teeth,,,,Reproductive,Adult,Male,,,
Zca_012,Adult,Male,High,Erupted teeth,ZcTag030,,,Reproductive,Adult,Male,Adult,Male,
Zca_013,Adult,Male,Medium,Moderate scarring,,,,Adult,Adult,Male,,,
Zca_014,Adult,Male,High,Erupted teeth,ZcTag038,,,Reproductive,Adult,Male,Adult,Male,
Zca_015,Adult,Male,High,Erupted teeth,ZcTag039,,,Adult- 2015,Adult,Male,Adult,,
Zca_015,Adult,Male,High,Erupted teeth,ZcTag039,,,Reproductive- 2018,Adult,Male,,,
Zca_016,Adult,Female,High,Seen with calf in 2022,,,,Adult,Adult,Female,,,Had been U/U- Brown; minimal scarring; no teeth
Zca_017,Unknown,Unknown, ,Brown; minimal scarring,,,,Unk,Unk,Unk,,,
Zca_018,Adult,Male,High,Erupted teeth,ZcTag042,,,Reproductive,Adult,Male,Adult,Male,
Zca_019,Adult,Male,High,White animal; heavy scarring; no teeth,ZcTag043,,,Adult- 2014,Adult,Male,Adult,Male,Teeth eroded (?)
Zca_019,Adult,Male,High,White animal; heavy scarring; no teeth,ZcTag043,,,Reproductive- 2015,Adult,Male,,,
Zca_020,Adult,Male,High,Erupted teeth ,,,,Adult,Adult,Male,,,
Zca_021,Adult,Male,Med High,Heavy scarring; white head,,,,Adult,Adult,Male,,,
Zca_022,Adult,Male,Medium,Moderate scarring,,,,Subadult- 2015,Subadult- 2015,Male,,,
Zca_022,Adult,Male,Medium,Moderate scarring,,,,Reproductive- 2020,Adult- 2020,Male,,,
Zca_023,Adult,Male,Med High,Heavy scarring; white head,,,,Adult,Adult,Male,,,
Zca_024,Adult,Male,High,Erupted teeth,ZcTag046; ZcTag103,,,Adult- 2016,Adult,Male,Adult,Male,
Zca_024,Adult,Male,High,Erupted teeth,ZcTag046; ZcTag103,,,Reproductive- 2017,Adult,Male,,,
Zca_025,Adult,Male,Medium,Moderate scarring,,,,Adult,Adult,Male,,,
Zca_026,Unknown,Unknown,,Some scarring,,,,Subadult ,Subadult ,Male,,,
Zca_027,Unknown,Unknown, ,Brown; minimal scarring; no teeth,,,,Adult,Adult,Female,,,
Zca_028,Adult,Male,High,Erupted teeth,ZcTag051,,,Reproductive,Adult,Male,Adult,Male,
Zca_029,Adult,Male,High,White animal; heavy scarring; no teeth,ZcTag054,,,Adult,Adult,Male,Adult,Male,Teeth eroded (?)
Zca_030,Adult,Male,High,Erupted teeth- just beginning to erupt (?),ZcTag055,,,Reproductive,Adult,Male,Adult,Male,Teeth just erupting (?)
Zca_031,Adult,Male,High,Erupted teeth; missing a tooth,ZcTag056; Zc_20_231a,,,Adult- 2017,Adult,Male,Adult,Male,
Zca_031,Adult,Male,High,Erupted teeth; missing a tooth,ZcTag056; Zc_20_231a,,,Reproductive- 2020,Adult,Male,,,
Zca_032,Unknown,Unknown,,Brown; minimal scarring; no teeth (?),,,,Subadult ,Subadult ,Female,,,
Zca_033,Adult,Male,High,Erupted teeth; genetics,,ZTS_17_004,Male,Reproductive,Adult,Male,,,
Zca_034,Unknown,Unknown,,Brown; minimal scarring; no teeth,,,,Adult,Adult,Female,,,
Zca_035,Adult,Male,High,Erupted teeth; genetics; missing a tooth,ZcTag076,HJF_18_003,Male,Reproductive,Adult,Male,,,Missing one tooth
Zca_036,Unknown,Unknown,,Moderate scarring,,,,Subadult ,Subadult ,Male,,,
Zca_037,Adult,Male,High,Erupted teeth,ZcTag068,,,Reproductive,Adult,Male,Adult,,
Zca_038,Unknown,Unknown,,Brown; minimal scarring; no teeth (2021),,,,Adult,Adult,Female,,,
Zca_039,Adult ,Male,,Erupted teeth in 2018,,,,Adult/Subadult- 2017,Adult/Subadult- 2017,Female/Male,,,
Zca_039,Adult ,Male,,Erupted teeth in 2018,,,,Reproductive- 2018,Adult- 2018,Male,,,
Zca_040,Adult,Male,High,White animal; heavy scarring; no teeth,,,,Reproductive,Adult,Male,,,Teeth eroded (?)
Zca_041,Unknown,Unknown, ,Brown; minimal scarring; no teeth ,ZcTag061,,,Subadult ,Subadult ,Male,Adult,,
Zca_042,Unknown,Unknown,,Brown; minimal scarring; no teeth,ZcTag062,,,Subadult ,Subadult ,Male,Adult,,
Zca_043,Adult,Male,Medium,Moderate scarring; white head,,,,Subadult- 2017,Subadult- 2017,Male,,,
Zca_043,Adult,Male,Medium,Moderate scarring; white head,,,,Reproductive- 2020,Adult- 2020,Male,,,
Zca_044,Adult,Male,High,Erupted teeth,ZcTag063,,,Reproductive,Adult,Male,Adult,Male,
Zca_045,Unknown,Unknown,,Brown; minimal scarring; no teeth (?),ZcTag064,,,Subadult ,Subadult ,Male,Subadult,,
Zca_046,Adult,Male,High,Erupted teeth; broken jaw,ZcTag065,,,Reproductive,Adult,Male,Adult,Male,Broken jaw
Zca_047,Adult,Male,High,Erupted teeth,ZcTag066,,,Reproductive,Adult,Male,Adult,Male,Teeth just erupting 
Zca_048,Unknown,Unknown,,Brown; minimal scarring,,,,Subadult ,Subadult ,Male,,,
Zca_049,Adult,Male,High,Erupted teeth,,,,Reproductive,Adult,Male,,,
Zca_050,Adult,Male,High,Erupted teeth,ZcTag078,,,Reproductive,Adult,Male,Adult,Male,
Zca_051,Adult,Male,High,Erupted teeth,ZcTag069,,,Reproductive,Adult,Male,Adult,Male,
Zca_052,Adult,Male,High,Erupted teeth; maybe missing a tooth,ZcTag084,,,Reproductive,Adult,Male,,,
Zca_053,Adult,Male,High,Erupted teeth,ZcTag075,,,Reproductive,Adult,Male,Adult,Male,
Zca_054,Adult,Male,High,Erupted teeth,ZcTag080,,,Reproductive,Adult,Male,Adult,Male,
Zca_055,Adult,Male,High,Erupted teeth (2020); missing a tooth,ZcTag071; Zc_20_232a,,,Reproductive,Adult,Male,Adult,Male,Missing one tooth 
Zca_056,Adult,Male,High,White animal; heavy scarring; genetics; no teeth,ZcTag072,HJF_18_002,Male,Reproductive,Adult,Male,Adult,Male,Teeth eroded (?)
Zca_057,Unknown,Unknown,,Brown; minimal scarring; no teeth,ZcTag079,,,Juvenile,Juvenile,Unk,Adult/Sub-adult,Female/Male,
Zca_058,Adult,Male,High,White animal; heavy scarring; genetics; no teeth,,HJF_18_001,Male,Adult- 2018,Adult,Male,,,Teeth gone; empty sockets
Zca_058,Adult,Male,High,White animal; heavy scarring; genetics; no teeth,,HJF_18_001,Male,Reproductive- 2019,Adult,Male,,,
Zca_059,Adult,Male,High,Erupted teeth,,,,Reproductive,Adult,Male,,,
Zca_060,Adult,Male,Medium,Moderate scarring; white head,,,,Adult,Adult,Male,,,
Zca_061,Unknown,Unknown,,Brown; minimal scarring,,,,Subadult ,Subadult ,Male,,,
Zca_062,Unknown,Unknown,,Brown; minimal scarring,,,,Unk,Unk,Unk,,,
Zca_063,Adult,Male,High,Erupted teeth,ZcTag098,,,Reproductive,Adult,Male,,,
Zca_064,Adult,Male,Med High,Heavy scarring; white head,,,,Adult,Adult,Male,,,
Zca_065,Adult,Female,High,With calf in 2019 (Zca_Rakes_148),,,,Reproductive,Adult,Female,,,
Zca_066,Adult,Male,High,Erupted teeth,,,,Reproductive,Adult,Male,,,
Zca_067,Adult,Female,High,With calf in 2018 (Zca_068),,,,Reproductive,Adult,Female,,,
Zca_068,Calf,Unknown,High,With mom in 2018 (Zca_067),,,,Calf- Older,Calf- older,Unk,,,
Zca_070,Unknown,Unknown,,Brown; minimal scarring,,,,Adult,Adult,Female,,,
Zca_071,Unknown,Unknown,,Brown; minimal scarring,,,,Juvenile,Juvenile,Unk,,,
Zca_072,Unknown,Male,High,Brown; minimal scarring; no teeth; genetics,,HJF_21_005,Male,Subadult ,Subadult ,Male,,,
Zca_073,Unknown,Unknown,,Brown; minimal scarring,,,,Adult/Subadult ,Adult/Subadult ,Female,,,
Zca_074,Unknown,Unknown,,Brown; minimal scarring,,,,Subadult ,Subadult ,Female,,,
Zca_075,Unknown,Unknown,,Brown; minimal scarring,,,,Subadult ,Subadult ,Male,,,
Zca_076,Adult,Male,High,Erupted teeth,ZcTag086,,,Reproductive,Adult,Male,,,
Zca_077,Adult,Male,High,Erupted teeth,ZcTag087,,,Reproductive,Adult,Male,,,
Zca_078,Adult,Male,High,Erupted teeth,ZcTag089,,,Reproductive,Adult,Male,,,
Zca_079,Adult,Male,Med High,Heavy scarring; white head,,,,Adult,Adult,Male,,,
Zca_080,Unknown,Unknown,,Brown; moderate scarring,,,,Unk,Unk,Unk,,,
Zca_081,Unknown,Unknown,,Pale; moderate scarring; no teeth,,,,Subadult,Subadult ,Male,,,
Zca_082,Adult,Male,High,Heavy scarring;no teeth; jaw deformity,,,,Adult,Adult,Male,,,Teeth eroded (?); jaw deformity
Zca_083,Unknown,Unknown,,Brown; minimal scarring; no teeth; cookie cutters,,,,Subadult/Adult,Subadult/Adult,Male/Female,,,
Zca_084,Unknown,Unknown,,Brown; minnimal scarring,,,,Adult,Adult,Female,,,
Zca_085,Adult,Male,High,Erupted teeth; teeth very worn down,ZcTag090,,,Reproductive,Adult,Male,,,
Zca_086,Adult,Male,High,Erupted teeth,ZcTag091,,,Reproductive,Adult,Male,,,
Zca_087,Adult,Male,High,Erupted teeth,,,,Reproductive,Adult,Male,,,
Zca_088,Adult,Male,High,Erupted teeth,ZcTag092,,,Reproductive,Adult,Male,,,Teeth just erupting (?)
Zca_089,Unknown,Unknown,,Brown; minimal scarring; no teeth,,,,Adult,Adult,Female,,,
Zca_090,Unknown,Unknown,,Brown; minimal scarring; no teeth,,,,Adult,Adult,Female,,,
Zca_091,Adult,Male,High,Erupted teeth,ZcTag095,,,Reproductive,Adult,Male,,,
Zca_092,Adult,Male,High,Erupted teeth,ZcTag096,,,Reproductive,Adult,Male,,,
Zca_093,Adult,Male,Med High,Heavy scarring; white head,,,,Adult,Adult,Male,,,
Zca_094,Unknown,Unknown,,Brown; minimal scarring,,,,Adult/Subadult,Adult/Subadult,Female/Male,,,
Zca_095,Unknown,Unknown,,Brown; minnimal scarring; probably no teeth,,,,Adult/Subadult,Adult/Subadult,Female/Male,,,
Zca_096,Adult,Male,High,Erupted teeth,,,,Reproductive,Adult,Male,,,
Zca_097,Adult,Male,High,White animal; heavy scarring; no teeth,ZcTag100,,,Reproductive,Adult,Male,,,
Zca_098,Adult,Male,High,White animal; heavy scarring; no teeth or missing one tooth,ZcTag102,,,Reproductive,Adult,Male,,,
Zca_099,Unknown,Unknown,,Brown; moderate scarring,,,,Subadult,Subadult ,Male,,,
Zca_100,Unknown,Unknown,,Brown; medium scarring; no teeth,ZcTag105,,,Subadult,Subadult ,Male,,,
Zca_101,Adult,Female,High,With calf in 2020 (Zca_102),ZcTag107,,,Reproductive,Adult,Female,,,
Zca_102,Calf,Unknown,High,With mom in 2020 (Zca_101),,,,Calf- older,Calf- older,Unk,,,
Zca_103,Unknown,Unknown,,Gray; minnimal scarring; probably no teeth,,,,Adult,Adult,Female,,,
Zca_104,Adult,Male,High,Erupted teeth; missing one teeth,ZcTag108,,,Reproductive,Adult,Male,,,
Zca_105,Unknown,Unknown,,Gray; moderate scarring; no teeth,,,,Subadult,Subadult ,Male,,,
Zca_106,Unknown,Unknown,,Brown; minimal scarring,,,,Subadult,Subadult ,Male,,,
Zca_107,Unknown,Unknown,,Brown; minimal scarring; no teeth,,,,Subadult,Subadult ,Female,,,
Zca_108,Unknown,Unknown,,Gray; medium scarring; probably no teeth,,,,Subadult,Subadult ,Male,,,
Zca_109,Unknown,Unknown,,Brown; no good view of the body or head,,,,Unk,Unk,Unk,,,
Zca_110,Adult,Male,High,Erupted teeth,,,,Reproductive,Adult,Male,,,
Zca_111,Adult,Male,High,Erupted teeth,,,,Reproductive,Adult,Male,,,
Zca_112,Unknown,Unknown,,Brown; medium scarring; no teeth,,,,Subadult,Subadult ,Male,,,
Zca_113,Adult,Male,High,Erupted teeth,,,,Reproductive,Adult,Male,,,
Zca_114,Adult,Male,High,Erupting teeth,,,,Reproductive,Adult,Male,,,
Zca_115,Unknown,Unknown,,Brown; minimal scarring; no teeth,,,,Reproductive,Adult,Female,,,
Zca_116,Adult,Male,Med High,Heavy scarring; white head,,,,Adult,Adult,Male,,,
Zca_Rakes_001,Unknown,Unknown,,Minimal scarring; white head,,,,Adult/Subadult,Adult/Subadult,Female/Male,,,
Zca_Rakes_002,Adult,Male,Med High,Heavy scarring; white head,,,,Adult,Adult,Male,,,
Zca_Rakes_003,Unknown,Unknown,,Brown; minimal scarring; no teeth,ZcTag029,,,Juvenile- 2014,Juvenile- 2014,Female,Adult,Female,
Zca_Rakes_003,Unknown,Unknown,,Brown; minimal scarring; no teeth,ZcTag029,,,Subadult- 2018,Subadult- 2018,Female,,,
Zca_Rakes_007,Unknown,Unknown,,Brown; minimal scarring; no teeth,,,,Juvenile,Juvenile,Unk,,,
Zca_Rakes_008,Adult,Female,High,With calf in 2014,ZcTag047,,,Reproductive,Adult,Female,Subadult ,Unkown,
Zca_Rakes_009,Unknown,Unknown,,Minimal scarring; white head,,,,Adult,Adult,Female,,,
Zca_Rakes_010,Adult,Male,Med High,White animal; heavy scarring; possible teeth,,,,Reproductive,Adult,Male,,,
Zca_Rakes_011,Adult,Male,Med High,Erupted teeth (?); not a lot of scarring,ZcTag070,,,Reproductive,Adult,Male,Adult,Male,
Zca_Rakes_012,Unknown,Unknown,,Brown; minimal scarring,,,,Subadult,Subadult ,Male,,,
Zca_Rakes_013,Unknown,Unknown,,Brown; minimal scarring,,,,Unk,Unk,Unk,,,
Zca_Rakes_014,Unknown,Unknown,,Brown; minimal scarring,,,,Subadult,Subadult ,Female,,,
Zca_Rakes_016,Unknown,Unknown,,Light gray; minimal scarring,,,,Adult,Adult,Female,,,
Zca_Rakes_017,Adult,Male,Medium,Moderate scarring,,,,Adult,Adult,Male,,,
Zca_Rakes_018,Adult,Female,,Minimal scarring; no teeth; genetics; size for Adult,,ZTS_15_017,Female,Adult,Adult,Female,,,
Zca_Rakes_019,Unknown,Unknown,,Brown; minimal scarring; white head ,,,,Adult,Adult,Female,,,
Zca_Rakes_020,Unknown,Unknown,,Brown; minimal scarring,,,,Unk,Unk,Unk,,,
Zca_Rakes_021,Unknown,Unknown,,Brown; minimal scarring,,,,Adult,Adult,Female,,,
Zca_Rakes_022,Adult,Male,Med High,Heavy scarring; white head,ZcTag041,,,Adult,Adult,Male,Adult,,
Zca_Rakes_023,Unknown,Unknown,,Gray; minimal scarring; no teeth,,,,Subadult- 2015,Subadult- 2015,Female,,,
Zca_Rakes_023,Unknown,Unknown,,Gray; minimal scarring; no teeth,,,,Adult- 2019,Adult- 2019,Female,,,
Zca_Rakes_025,Unknown,Unknown,,Gray; minimal scarring,,,,Adult,Adult,Female,,,
Zca_Rakes_026,Unknown,Unknown,,Brown; minimal scarring,,,,Unk,Unk,Unk,,,
Zca_Rakes_027,Adult,Male,,Erupted teeth; genetics,,,Male,Subadult- 2015,Subadult- 2015,Male,,,Had scored as U/U but changed to A/M in 2022- 2020 photo of teeth
Zca_Rakes_027,Adult,Male,,Erupted teeth; genetics,,HJF_20_009,,Adult- 2018,Adult- 2018,Male,,,
Zca_Rakes_027,Adult,Male,,Erupted teeth; genetics,,,,Reproductive- 2020,Adult,Male,,,
Zca_Rakes_028,Unknown,Unknown,,Brown; minimal scarring,,,,Unk,Unk,Unk,,,
Zca_Rakes_029,Adult,Male,High,Erupted teeth,,,,Reproductive,Adult,Male,,,
Zca_Rakes_032,Adult,Male,High,Erupted teeth,,,,Reproductive,Adult,Male,,,Weird jaw (?)
Zca_Rakes_033,Unknown,Unknown,,Brown; minimal scarring,,,,Unk,Unk,Unk,,,
Zca_Rakes_035,Adult,Male,Medium,Moderate scarring; paler head,ZcTag048,,,Adult,Adult,Male,Adult,Male,
Zca_Rakes_037,Adult,Female,High,With calf in 2014 (WRC + DMW confirmed),,,,Reproductive,Adult,Female,,,
Zca_Rakes_038,Unknown,Unknown,,Brown; minimal scarring,ZcTag031,,,Unk,Unk,Unk,Adult,Female,
Zca_Rakes_042,Unknown,Unknown,,Brown; minimal scarring,ZcTag050,,,Adult,Adult,Female,Adult,Female,
Zca_Rakes_043,Adult,Female,High,With calf,,,,Reproductive,Adult,Female,,,
Zca_Rakes_044,Adult,Male,High,Erupted teeth; missing a tooth,,,,Reproductive,Adult,Male,,,Missing one tooth
Zca_Rakes_045,Unknown,Unknown,,Brown; minimal scarring,,,,Unk,Unk,Unk,,,
Zca_Rakes_046,Adult,Female,,With calf in 2020,,,,Adult- 2016,Adult- 2016,Female,,,
Zca_Rakes_046,Adult,Female,,With calf in 2020,,,,Reproductive- 2020,Adult- 2016,Female,,,
Zca_Rakes_047,Adult,Female,,With calf in 2013 (EK and EF confirm),,,,Reproductive,Adult,Female,,,
Zca_Rakes_048,Unknown,Unknown,,Brown; minimal scarring,,,,Adult,Adult,Female,,,
Zca_Rakes_049,Unknown,Unknown,,Brown; minimal scarring,,,,Adult,Adult,Female,,,
Zca_Rakes_050,Unknown,Unknown,,Brown; minimal scarring; no teeth ,ZcTag057,,,Adult,Adult,Female,Adult,Unkown,
Zca_Rakes_051,Unknown,Unknown,,Brown; minimal scarring,ZcTag058,,,Adult,Adult,Female,Subadult,Unkown,
Zca_Rakes_052,Unknown,Unknown,,Brown; minimal scarring,,,,Adult,Adult,Female,,,
Zca_Rakes_053,Unknown,Unknown,,Brown; minimal scarring,,,,Adult,Adult,Female,,,
Zca_Rakes_054,Adult,Male,High,Erupted teeth (Internal match to Rakes_036),ZcTag049; ZcTag099,HJF_20_005,Male,Reproductive,Adult,Male,Adult,Male,
Zca_Rakes_056,Unknown,Unknown,,Grey; Minimal scarring,,,,Subadult,Subadult ,Male,,,
Zca_Rakes_057,Adult,Male,High,Erupted teeth,,,,Reproductive,Adult,Male,,,
Zca_Rakes_058,Adult,Male,High,Erupted teeth,,,,Reproductive,Adult,Male,,,
Zca_Rakes_059,Unknown,Unknown,,Brown; minimal scarring; no teeth,,,,Subadult,Subadult ,Male,,,
Zca_Rakes_060,Unknown,Unknown,,Brown; minimal scarring,,,,Subadult/Juvenile,Subadult/Juvenile,Female,,,
Zca_Rakes_061,Unknown,Unknown,,Brown; minimal scarring,,,,Adult,Adult,Male,,,
Zca_Rakes_065,Unknown,Unknown,,Brown; minimal scarring,,,,Adult,Adult,Female,,,
Zca_Rakes_067,Adult,Male,High,Erupted teeth,ZcTag060,,,Reproductive,Adult,Male,Adult,Male,
Zca_Rakes_068,Unknown,Unknown,,Grey; minimal scarring; white head,,,,Adult,Adult,Female,,,
Zca_Rakes_069,Adult,Male,Med High,Heavy scarring; white head,,,,Adult,Adult,Male,,,
Zca_Rakes_070,Unknown,Unknown,,Brown; minimal scarring; pale head,Zca_17_234a,,,Adult,Adult,Female,,,
Zca_Rakes_071,Unknown,Female,High,With calf in 2017 (WRC + DMW confirmed),ZcTag081,,,Reproductive,Adult,Female,Sub-Adult,Unknown,
Zca_Rakes_072,Unknown,Unknown,,Brown; minimal scarring,,,,Unk,Unk,Unk,,,
Zca_Rakes_073,Adult,Male,High,Erupted teeth,ZcTag067,,,Reproductive,Adult,Male,Adult,Male,
Zca_Rakes_074,Unknown,Unknown,,Brown; minimal scarring; no teeth ,,,,Adult,Adult,Female,,,
Zca_Rakes_075,Unknown,Unknown,,Brown; minimal scarring; no teeth,,,,Adult,Adult,Female,,,
Zca_Rakes_077,Unknown,Unknown,,Brown; minimal scarring; no teeth,ZcTag085,,,Adult,Adult,Female,,,
Zca_Rakes_078,Unknown,Unknown,,Brown; minimal scarring; no teeth,,,,Adult,Adult,Female,,,
Zca_Rakes_079,Adult,Male,High,Erupted teeth,ZcTag073,,,Reproductive,Adult,Male,Adult,Male,
Zca_Rakes_080,Unknown,Unknown,,Brown; minimal scarring; no teeth,,,,Adult,Adult,Female,,,
Zca_Rakes_081,Unknown,Unknown,,Brown; minimal scarring,,,,Unk,Unk,Unk,,,
Zca_Rakes_082,Unknown,Unknown,,Brown; minimal scarring; Possibly Zca_Rakes_117- YES NEED TO CHANGE,,,,Adult,Adult,Female,,,
Zca_Rakes_083,Adult,Male,High,Erupted teeth,,,,Reproductive,Adult,Male,,,
Zca_Rakes_084,Unknown,Unknown,,Brown; moderate scarring,,,,No photo,No Photo,No Photo,,,
Zca_Rakes_085,Unknown,Unknown,,Brown; minimal scarring; no teeth,,,,Adult,Adult,Female,,,
Zca_Rakes_087,Subadult,Male,High,Brown; minimal scarring; no teeth; genetics,,ZTS_18_012,Male,Subadult,Subadult,Male,,,
Zca_Rakes_088,Unknown,Unknown,,Brown; minimal scarring; no teeth,,,,Adult,Adult,Female,,,
Zca_Rakes_089,Unknown,Unknown,,Brown; minimal scarring; no teeth,,,,Adult,Adult,Female,,,
Zca_Rakes_090,Unknown,Male,High,Moderate scarring; white head; genetics,,ZTS_18_011,Male,Adult,Adult,Male,,,
Zca_Rakes_091,Unknown,Unknown,,Brown; minimal scarring; no teeth,,,,Subadult,Subadult ,Female,,,
Zca_Rakes_092,Unknown,Unknown,,Brown; minimal scarring; no teeth,,,,Juvenile,Juvenile,Unk,,,
Zca_Rakes_093,Unknown,Unknown,,Brown; moderate scarring; no teeth (?),,,,Subadult,Subadult ,Male,,,
Zca_Rakes_094,Unknown,Unknown,,Brown; moderate scarring; no teeth (?),,,,Subadult,Subadult ,Male,,,Had scored as Subadult male but change in 2021- cant see teeth in photos- check with Will
Zca_Rakes_095,Unknown,Unknown,,Brown; moderate scarring; no teeth,,,,Reproductive,Adult,Male,,,
Zca_Rakes_096,Unknown,Unknown,,Brown; minimal scarring; white head; no teeth (?),,,,Adult,Adult,Female,,,
Zca_Rakes_097,Unknown,Female,High,Brown; minimal scarring; no teeth; genetics,,AJR_18_001,Female,Adult,Adult,Female,,,
Zca_Rakes_098,Unknown,Unknown,,Moderate scarring; pale head,,,,Adult,Adult,Male,,,
Zca_Rakes_099,Unknown,Unknown,,Brown; minimal scarring; no teeth,,,,Subadult,Subadult,Female,,,
Zca_Rakes_100,Unknown,Female,High,Brown; minimal scarring; no teeth; genetics,,HJF_18_004,Female,Adult,Adult,Female,,,
Zca_Rakes_101,Unknown,Unknown,,Brown; minimal scarring; no teeth,,,,Adult,Adult,Female,,,
Zca_Rakes_104,Unknown,Unknown,,Gray; moderate scarring,,,,Adult,Adult,Male,,,
Zca_Rakes_105,Unknown,Unknown,,Brown; minimal scarring,,,,Unk,Unk,Unk,,,
Zca_Rakes_106,Unknown,Unknown,,Brown; minimal scarring,ZcTag111,,,Subadult,Subadult ,Male,,,
Zca_Rakes_107,Unknown,Unknown,,Brown; minimal scarring,,,,Unk,Unk,Unk,,,
Zca_Rakes_108,Unknown,Male,,Gray; moderate scarring; pale head; no teeth; genetics,ZcTag106,HJF_20_010,,Subadult,Subadult ,Male,,,
Zca_Rakes_109,Unknown,Unknown,,Gray; minimal scarring; no teeth,,,,Adult,Adult,Female,,,
Zca_Rakes_110,Unknown,Unknown,,Brown; minimal scarring,,,,Unk,Unk,Unk,,,
Zca_Rakes_111,Adult ,Female,High,With calf in 2018  ,,,,Reproductive,Adult,Female,,,
Zca_Rakes_112,Adult,Female,High,With calf in 2018; no teeth,,,,Reproductive,Adult,Female,,,
Zca_Rakes_113,Unknown,Unknown,,Brown; minimal scarring; no teeth,,,,No photo,No Photo,No Photo,,,
Zca_Rakes_115,Unknown,Unknown,,Brown; minimal scarring,,,,Unk,Unk,Unk,,,
Zca_Rakes_116,Unknown,Unknown,,Brown; minimal scarring,,,,Unk,Unk,Unk,,,
Zca_Rakes_117,Unknown,Unknown,,Brown; minimal scarring; no teeth,,,,No photo,No Photo,No Photo,,,
Zca_Rakes_118,Unknown,Unknown,,Brown; minimal scarring,,,,Adult,Adult,Female,,,
Zca_Rakes_119,Unknown,Unknown,,Moderate scarring; no teeth,,,,Subadult,Subadult ,Male,,,
Zca_Rakes_120,Adult ,Female,High,Brown; minimal scarring; with calf in 2018; no teeth,,,,Reproductive,Adult,Female,,,
Zca_Rakes_121,Unknown,Unknown,,Brown; minimal scarring; no teeth,ZcTag082,,,Juvenile,Juvenile,Female/Unk,,,
Zca_Rakes_122,Adult,Male,Med High,Heavy scarring; white head,,,,Reproductive,Adult,Male,,,
Zca_Rakes_123,Adult,Male,High,Erupted teeth; maybe missing a tooth,,,,No photo,No Photo,No Photo,,,Missing a tooth?
Zca_Rakes_124,Unknown,Unknown,,Brown; minimal scarring; no teeth,,,,Adult ,Adult,Female,,,
Zca_Rakes_125,Unknown,Unknown,,Brown; minimal scarring,,,,Subadult,Subadult,Female,,,
Zca_Rakes_126,Adult,Male,High,Erupted teeth,,,,Reproductive,Adult,Male,,,
Zca_Rakes_127,Unknown,Unknown,,Brown; minimal scarring; pale head,,,,Adult/Subadult,Adult/Subadult,Female/Male,,,
Zca_Rakes_128,Unknown,Unknown,,Brown; minimal scarring,,,,Unk,Unk,Unk,,,
Zca_Rakes_129,Unknown,Unknown,,Brown; minimal scarring,,,,Adult ,Adult,Female,,,
Zca_Rakes_130,Unknown,Unknown,,Brown; minimal scarring; no teeth,,,,Adult ,Adult,Female,,,
Zca_Rakes_131,Unknown,Unknown,,Brown; minimal scarring,,,,Adult ,Adult,Female,,,
Zca_Rakes_132,Unknown,Unknown,,Minimal scarring; no teeth; pale head,,,,Adult ,Adult,Female,,,
Zca_Rakes_133,Unknown,Unknown,,Brown; minimal scarring; no teeth,,,,Adult ,Adult,Female,,,
Zca_Rakes_134,Unknown,Unknown,,Pale; minimal scarring; no teeth (?),,,,Adult ,Adult,Female,,,
Zca_Rakes_135,Unknown,Unknown,,Brown; minimal scarring,,,,Subadult,Subadult ,Female,,,
Zca_Rakes_136,Unknown,Unknown,,Brown; minimal scarring; no teeth,,,,Juvenile,Juvenile,Unk,,,
Zca_Rakes_137,Unknown,Unknown,,Brown; minimal scarring,,,,Subadult,Subadult ,Female,,,
Zca_Rakes_138,Unknown,Unknown,,Brown; minimal scarring; no teeth,,,,Adult ,Adult,Female,,,
Zca_Rakes_139,Unknown,Unknown,,Grey; minimal scarring; no teeth,ZcTag093,,,Adult ,Adult,Female,,,
Zca_Rakes_140,Adult ,Female,High,Brown; minimal scarring; no teeth; Mom of Zca_Rakes_141- 2019,,,,Reproductive,Adult,Female,,,
Zca_Rakes_141,Calf,Unknown,High,Brown; minimal scarring; no teeth; Calf of Zca_Rakes_140- 2019,,,,Calf- older,Calf- older,Unk,,,
Zca_Rakes_142,Unknown,Unknown,,Brown; minimal scarring; no teeth,,,,Adult ,Adult,Female,,,
Zca_Rakes_143,Unknown,Unknown,,Brown; minimal scarring,,,,Unk,Unk,Unk,,,
Zca_Rakes_144,Unknown,Unknown,,Brown; minimal scarring; no teeth (?),,,,Adult ,Adult,Female,,,
Zca_Rakes_145,Unknown,Unknown,,Grey; minimal scarring; no teeth,,,,Adult/Subadult,Adult/Subadult,Female/Male,,,
Zca_Rakes_146,Adult,Male,High,Erupted teeth,ZcTag101,,,Reproductive,Adult,Male,,,
Zca_Rakes_147,Unknown,Unknown,,Grey; minimal scarring; no teeth; white head,,,,Adult ,Adult,Female,,,
Zca_Rakes_148,Calf ,Unknown,,Brown; minimal scarring; no teeth; calf of Zca_065; Likely 3063,,,,Calf- older,Calf- older,Unk,,,
Zca_Rakes_149,Unknown,Unknown,,Moderate scarring,,,,Adult,Adult,Male,,,
Zca_Rakes_150,Adult ,Female,High,Brown; minimal scarring; no teeth; with calf- 2019,,,,Reproductive,Adult,Female,,,
Zca_Rakes_151,Unknown,Unknown,,Brown; minimal scarring; no teeth,,,,Unk,Unk,Unk,,,
Zca_Rakes_152,Unknown,Unknown,,Brown; minimal scarring; no teeth,,,,Juvenile,Juvenile,Unk,,,
Zca_Rakes_153,Adult,Female,High,With calf in 2019 (WRC + DMW confirm),,,,Reproductive,Adult,Female,,,
Zca_Rakes_154,Unknown,Unknown,,Brown; minimal scarring; no teeth,,,,Adult ,Adult,Female,,,
Zca_Rakes_155,Unknown,Unknown,,Brown; minimal scarring; no teeth,ZcTag097,,,Adult ,Adult,Female,,,
Zca_Rakes_156,Unknown,Unknown,,Brown; minimal scarring,,,,Adult ,Adult,Female,,,
Zca_Rakes_157,Unknown,Unknown,,Grey; minimal scarring; no teeth; white head,,,,Adult ,Adult,Female,,,
Zca_Rakes_158,Unknown,Unknown,,Brown; minimal scarring,,,,Subadult,Subadult ,Female,,,
Zca_Rakes_159,Unknown,Unknown,,Brown; minimal scarring; no teeth,,,,Adult ,Adult,Female,,,
Zca_Rakes_160,Unknown,Unknown,,Brown; minimal scarring,,,,Adult ,Adult,Female,,,
Zca_Rakes_161,Unknown,Unknown,,Brown; moderate scarring; no teeth,,,,Reproductive,Adult,Female,,,Interesting scars; not from a Zca and sucker marks (?)
Zca_Rakes_162,Unknown,Unknown,,Grey; moderate scarring; no teeth; white head,ZcTag104,,,Subadult,Subadult ,Male,,,
Zca_Rakes_163,Unknown,Unknown,,Brown; minimal scarring; no teeth; Possibly Zca_Number10_20200807_S3,,,,Juvenile,Juvenile,Unk,,,
Zca_Rakes_164,Unknown,Unknown,,Brown; minimal scarring; no teeth,,,,Subadult,Subadult ,Male,,,
Zca_Rakes_165,Unknown,Unknown,,Brown; minimal scarring; no teeth,,,,Juvenile,Juvenile,Unk,,,
Zca_Rakes_166,Adult,Male,High,Erupted teeth,ZcTag110,,,Reproductive,Adult,Male,,,Teeth look small
Zca_Rakes_167,Unknown,Unknown,,Brown; moderate scarring; white head; not sure about teeth,,,,Subadult,Subadult ,Male,,,
Zca_Rakes_168,Unknown,Unknown,,Brown; nminmla scarring; pale head; not sure about teeth,,,,Subadult,Subadult ,Male,,,
Zca_Rakes_169,Unknown,Unknown,,Brown; minimal scarring; no teeth,,,,Adult ,Adult,Female,,,
Zca_Rakes_170,Unknown,Unknown,,Brown; minimal scarring; no teeth,,,,Subadult,Subadult ,Female,,,
Zca_Rakes_171,Unknown,Unknown,,Brown; minimal scarring; pale head; no teeth,,,,Adult ,Adult,Female,,,
Zca_Rakes_172,Unknown,Unknown,,Brown; minimal scarring; pale head; no teeth,,,,Subadult,Subadult ,Male,,,
Zca_Rakes_173,Unknown,Unknown,,Brown; minimal scarring,,,,Subadult,Subadult ,Female,,,
Zca_Rakes_174,Unknown,Unknown,,Brown; minimal scarring; pale head,,,,Adult ,Adult,Female,,,
Zca_Rakes_175,Unknown,Unknown,,Brown; minimal scarring,,,,Juvenile,Juvenile,Unk,,,
Zca_Rakes_176,Unknown,Unknown,,Brown; minimal scarring,,,,Adult ,Adult,Female,,,
Zca_Rakes_177,Unknown,Unknown,,Grey; minimal scarring; head very white,,,,Adult ,Adult,Female,,,
Zca_Rakes_178,Unknown,Unknown,,Brown; moderate scarring,,,,Subadult,Subadult ,Male,,,
Zca_Rakes_179,Unknown,Unknown,,Brown; minimal scarring,,,,Unk,Unk,Unk,,,
Zca_Rakes_180,Unknown,Unknown,,Brown; minimal scarring; pale head; no teeth,,,,Adult ,Adult,Female,,,
Zca_Rakes_181,Unknown,Unknown,,Brown; minimal scarring; no teeth,,,,Adult ,Adult,Female,,,
Zca_Rakes_182,Adult,Female,High,Calf in 2020 (Zca_Rakes_183); genetics,,HJF_20_007,,Reproductive,Adult,Female,,,
Zca_Rakes_183,Calf,Unknown,High,Calf of Zca_Rakes_182; Possibly Zca_Number4_20200820_SH2,,,,Calf- older,Calf- older,Unk,,,
Zca_Rakes_184,Adult,Male,High,Erupted teeth,,,,Reproductive,Adult,Male,,,
Zca_Rakes_185,Unknown,Unknown,,Gray; moderate scarring; white head,,,,Subadult,Subadult ,Male,,,
Zca_Rakes_186,Adult,Male,High,Erupted teeth,,,,Reproductive,Adult,Male,,,
