"DeployID","Ptt","DepthSensor","Source","Instr","Count","Start","End","What","Number","Shape","DepthMin","DepthMax","DurationMin","DurationMax","Shallow","Deep","original"
"ZcTag063",171934,1,"Transmission","Mk10",7,1503248040,1503281970,"Message",8,"",NA,NA,33922,33938,NA,NA,"portal"
"ZcTag063",171934,1,"Transmission","Mk10",7,1503248040,1503254142,"Surface",NA,"",NA,NA,6101,6103,197,5905,"portal"
"ZcTag063",171934,1,"Transmission","Mk10",7,1503254142,1503258370,"Dive",1,"U",1504,1535,4227,4229,NA,NA,"portal"
"ZcTag063",171934,1,"Transmission","Mk10",7,1503258370,1503264188,"Surface",NA,"",NA,NA,5817,5819,188,5630,"portal"
"ZcTag063",171934,1,"Transmission","Mk10",7,1503264188,1503268462,"Dive",1,"U",1344,1375,4273,4275,NA,NA,"portal"
"ZcTag063",171934,1,"Transmission","Mk10",7,1503268462,1503274658,"Surface",NA,"",NA,NA,6195,6197,200,5996,"portal"
"ZcTag063",171934,1,"Transmission","Mk10",7,1503274658,1503277768,"Dive",1,"Square",1344,1375,3109,3111,NA,NA,"portal"
"ZcTag063",171934,1,"Transmission","Mk10",7,1503277768,1503279356,"Surface",NA,"",NA,NA,1587,1589,102,1486,"portal"
"ZcTag063",171934,1,"Transmission","Mk10",7,1503279356,1503281970,"Dive",1,"U",1408,1439,2613,2615,NA,NA,"portal"
"ZcTag063",171934,1,"Transmission","Mk10",6,1503281940,1503313412,"Message",8,"",NA,NA,31464,31480,NA,NA,"portal"
"ZcTag063",171934,1,"Transmission","Mk10",6,1503281940,1503285564,"Surface",NA,"",NA,NA,3623,3625,234,3390,"portal"
"ZcTag063",171934,1,"Transmission","Mk10",6,1503285564,1503288432,"Dive",1,"U",2128,2191,2867,2869,NA,NA,"portal"
"ZcTag063",171934,1,"Transmission","Mk10",6,1503288432,1503289992,"Surface",NA,"",NA,NA,1559,1561,101,1459,"portal"
"ZcTag063",171934,1,"Transmission","Mk10",6,1503289992,1503292842,"Dive",1,"V",1440,1471,2849,2851,NA,NA,"portal"
"ZcTag063",171934,1,"Transmission","Mk10",6,1503292842,1503296498,"Surface",NA,"",NA,NA,3655,3657,118,3538,"portal"
"ZcTag063",171934,1,"Transmission","Mk10",6,1503296498,1503299406,"Dive",1,"U",1888,1919,2907,2909,NA,NA,"portal"
"ZcTag063",171934,1,"Transmission","Mk10",6,1503299406,1503310318,"Surface",NA,"",NA,NA,10911,10913,352,10560,"portal"
"ZcTag063",171934,1,"Transmission","Mk10",6,1503310318,1503313412,"Dive",1,"U",824,839,3093,3095,NA,NA,"portal"
"ZcTag063",171934,1,"Transmission","Mk10",7,1503313440,1503348476,"Message",8,"",NA,NA,35028,35044,NA,NA,"portal"
"ZcTag063",171934,1,"Transmission","Mk10",7,1503313440,1503317290,"Surface",NA,"",NA,NA,3849,3851,124,3726,"portal"
"ZcTag063",171934,1,"Transmission","Mk10",7,1503317290,1503321204,"Dive",1,"U",2064,2127,3913,3915,NA,NA,"portal"
"ZcTag063",171934,1,"Transmission","Mk10",7,1503321204,1503325318,"Surface",NA,"",NA,NA,4113,4115,133,3981,"portal"
"ZcTag063",171934,1,"Transmission","Mk10",7,1503325318,1503329018,"Dive",1,"U",1600,1631,3699,3701,NA,NA,"portal"
"ZcTag063",171934,1,"Transmission","Mk10",7,1503329018,1503334378,"Surface",NA,"",NA,NA,5359,5361,173,5187,"portal"
"ZcTag063",171934,1,"Transmission","Mk10",7,1503334378,1503338330,"Dive",1,"U",2016,2063,3951,3953,NA,NA,"portal"
"ZcTag063",171934,1,"Transmission","Mk10",7,1503338330,1503345128,"Surface",NA,"",NA,NA,6797,6799,219,6579,"portal"
"ZcTag063",171934,1,"Transmission","Mk10",7,1503345128,1503348476,"Dive",1,"Square",1376,1407,3347,3349,NA,NA,"portal"
"ZcTag063",171934,1,"Transmission","Mk10",3,1503348480,1503374538,"Message",8,"",NA,NA,26050,26066,NA,NA,"portal"
"ZcTag063",171934,1,"Transmission","Mk10",3,1503348480,1503352530,"Surface",NA,"",NA,NA,4049,4051,131,3919,"portal"
"ZcTag063",171934,1,"Transmission","Mk10",3,1503352530,1503355792,"Dive",1,"U",1664,1695,3261,3263,NA,NA,"portal"
"ZcTag063",171934,1,"Transmission","Mk10",3,1503355792,1503359102,"Surface",NA,"",NA,NA,3309,3311,107,3203,"portal"
"ZcTag063",171934,1,"Transmission","Mk10",3,1503359102,1503362166,"Dive",1,"U",1696,1727,3063,3065,NA,NA,"portal"
"ZcTag063",171934,1,"Transmission","Mk10",3,1503362166,1503366238,"Surface",NA,"",NA,NA,4071,4073,131,3941,"portal"
"ZcTag063",171934,1,"Transmission","Mk10",3,1503366238,1503369282,"Dive",1,"Square",1344,1375,3043,3045,NA,NA,"portal"
"ZcTag063",171934,1,"Transmission","Mk10",3,1503369282,1503371472,"Surface",NA,"",NA,NA,2189,2191,71,2119,"portal"
"ZcTag063",171934,1,"Transmission","Mk10",3,1503371472,1503374538,"Dive",1,"U",1568,1599,3065,3067,NA,NA,"portal"
"ZcTag063",171934,1,"Transmission","Mk10",4,1503374520,1503425428,"Message",9,"",NA,NA,50870,50946,NA,NA,"portal"
"ZcTag063",171934,1,"Transmission","Mk10",4,1503374520,1503376202,"Surface",NA,"",NA,NA,1681,1683,109,1573,"portal"
"ZcTag063",171934,1,"Transmission","Mk10",4,1503376202,1503378848,"Dive",1,"Square",1504,1535,2645,2647,NA,NA,"portal"
"ZcTag063",171934,1,"Transmission","Mk10",4,1503378848,1503398948,"Surface",NA,"",NA,NA,20070,20130,648,19452,"portal"
"ZcTag063",171934,1,"Transmission","Mk10",4,1503398948,1503402860,"Dive",1,"V",2016,2063,3911,3913,NA,NA,"portal"
"ZcTag063",171934,1,"Transmission","Mk10",4,1503402860,1503403002,"Surface",NA,"",NA,NA,141,143,23,119,"portal"
"ZcTag063",171934,1,"Transmission","Mk10",4,1503403002,1503405298,"Dive",1,"U",840,855,2295,2297,NA,NA,"portal"
"ZcTag063",171934,1,"Transmission","Mk10",4,1503405298,1503416684,"Surface",NA,"",NA,NA,11385,11387,367,11019,"portal"
"ZcTag063",171934,1,"Transmission","Mk10",4,1503416684,1503419638,"Dive",1,"U",1216,1247,2953,2955,NA,NA,"portal"
"ZcTag063",171934,1,"Transmission","Mk10",4,1503419638,1503425428,"Surface",NA,"",NA,NA,5789,5791,187,5603,"portal"
"ZcTag063",171934,1,"Transmission","Mk10",4,1503425400,1503466292,"Message",9,"",NA,NA,40883,40901,NA,NA,"portal"
"ZcTag063",171934,1,"Transmission","Mk10",4,1503425400,1503431374,"Dive",1,"V",2256,2319,5973,5975,NA,NA,"portal"
"ZcTag063",171934,1,"Transmission","Mk10",4,1503431374,1503431470,"Surface",NA,"",NA,NA,95,97,12,84,"portal"
"ZcTag063",171934,1,"Transmission","Mk10",4,1503431470,1503433486,"Dive",1,"Square",492,503,2015,2017,NA,NA,"portal"
"ZcTag063",171934,1,"Transmission","Mk10",4,1503433486,1503444538,"Surface",NA,"",NA,NA,11051,11053,357,10695,"portal"
"ZcTag063",171934,1,"Transmission","Mk10",4,1503444538,1503449228,"Dive",1,"V",2128,2191,4689,4691,NA,NA,"portal"
"ZcTag063",171934,1,"Transmission","Mk10",4,1503449228,1503459600,"Surface",NA,"",NA,NA,10371,10373,335,10037,"portal"
"ZcTag063",171934,1,"Transmission","Mk10",4,1503459600,1503462462,"Dive",1,"U",2016,2063,2861,2863,NA,NA,"portal"
"ZcTag063",171934,1,"Transmission","Mk10",4,1503462462,1503463360,"Surface",NA,"",NA,NA,897,899,29,869,"portal"
"ZcTag063",171934,1,"Transmission","Mk10",4,1503463360,1503466292,"Dive",1,"U",1952,1983,2931,2933,NA,NA,"portal"
"ZcTag063",171934,1,"Transmission","Mk10",3,1503466320,1503510996,"Message",8,"",NA,NA,44639,44713,NA,NA,"portal"
"ZcTag063",171934,1,"Transmission","Mk10",3,1503466320,1503487200,"Surface",NA,"",NA,NA,20850,20910,674,20206,"portal"
"ZcTag063",171934,1,"Transmission","Mk10",3,1503487200,1503491626,"Dive",1,"U",1984,2015,4425,4427,NA,NA,"portal"
"ZcTag063",171934,1,"Transmission","Mk10",3,1503491626,1503493358,"Surface",NA,"",NA,NA,1731,1733,56,1676,"portal"
"ZcTag063",171934,1,"Transmission","Mk10",3,1503493358,1503496070,"Dive",1,"U",1120,1151,2711,2713,NA,NA,"portal"
"ZcTag063",171934,1,"Transmission","Mk10",3,1503496070,1503503306,"Surface",NA,"",NA,NA,7235,7237,233,7003,"portal"
"ZcTag063",171934,1,"Transmission","Mk10",3,1503503306,1503506104,"Dive",1,"V",1536,1567,2797,2799,NA,NA,"portal"
"ZcTag063",171934,1,"Transmission","Mk10",3,1503506104,1503507564,"Surface",NA,"",NA,NA,1459,1461,47,1413,"portal"
"ZcTag063",171934,1,"Transmission","Mk10",3,1503507564,1503510996,"Dive",1,"U",1184,1215,3431,3433,NA,NA,"portal"
"ZcTag063",171934,1,"Transmission","Mk10",2,1503510960,1503537198,"Message",8,"",NA,NA,26230,26246,NA,NA,"portal"
"ZcTag063",171934,1,"Transmission","Mk10",2,1503510960,1503515862,"Surface",NA,"",NA,NA,4901,4903,158,4744,"portal"
"ZcTag063",171934,1,"Transmission","Mk10",2,1503515862,1503520588,"Dive",1,"U",1600,1631,4725,4727,NA,NA,"portal"
"ZcTag063",171934,1,"Transmission","Mk10",2,1503520588,1503524196,"Surface",NA,"",NA,NA,3607,3609,116,3492,"portal"
"ZcTag063",171934,1,"Transmission","Mk10",2,1503524196,1503526512,"Dive",1,"V",1216,1247,2315,2317,NA,NA,"portal"
"ZcTag063",171934,1,"Transmission","Mk10",2,1503526512,1503526538,"Surface",NA,"",NA,NA,25,27,4,22,"portal"
"ZcTag063",171934,1,"Transmission","Mk10",2,1503526538,1503529180,"Dive",1,"V",1024,1055,2641,2643,NA,NA,"portal"
"ZcTag063",171934,1,"Transmission","Mk10",2,1503529180,1503534040,"Surface",NA,"",NA,NA,4859,4861,157,4703,"portal"
"ZcTag063",171934,1,"Transmission","Mk10",2,1503534040,1503537198,"Dive",1,"U",1184,1215,3157,3159,NA,NA,"portal"
"ZcTag063",171934,1,"Transmission","Mk10",1,1503537180,1503555372,"Message",9,"",NA,NA,18183,18201,NA,NA,"portal"
"ZcTag063",171934,1,"Transmission","Mk10",1,1503537180,1503539438,"Surface",NA,"",NA,NA,2257,2259,73,2185,"portal"
"ZcTag063",171934,1,"Transmission","Mk10",1,1503539438,1503542620,"Dive",1,"U",1472,1503,3181,3183,NA,NA,"portal"
"ZcTag063",171934,1,"Transmission","Mk10",1,1503542620,1503545724,"Surface",NA,"",NA,NA,3103,3105,100,3004,"portal"
"ZcTag063",171934,1,"Transmission","Mk10",1,1503545724,1503547938,"Dive",1,"U",1056,1087,2213,2215,NA,NA,"portal"
"ZcTag063",171934,1,"Transmission","Mk10",1,1503547938,1503548684,"Surface",NA,"",NA,NA,745,747,48,698,"portal"
"ZcTag063",171934,1,"Transmission","Mk10",1,1503548684,1503551192,"Dive",1,"U",1024,1055,2507,2509,NA,NA,"portal"
"ZcTag063",171934,1,"Transmission","Mk10",1,1503551192,1503551406,"Surface",NA,"",NA,NA,213,215,28,186,"portal"
"ZcTag063",171934,1,"Transmission","Mk10",1,1503551406,1503553560,"Dive",1,"U",1216,1247,2153,2155,NA,NA,"portal"
"ZcTag063",171934,1,"Transmission","Mk10",1,1503553560,1503555372,"Surface",NA,"",NA,NA,1811,1813,117,1695,"portal"
"ZcTag063",171934,1,"Transmission","Mk10",5,1503577980,1503611190,"Message",9,"",NA,NA,33201,33219,NA,NA,"portal"
"ZcTag063",171934,1,"Transmission","Mk10",5,1503577980,1503579978,"Dive",1,"Square",584,599,1997,1999,NA,NA,"portal"
"ZcTag063",171934,1,"Transmission","Mk10",5,1503579978,1503587880,"Surface",NA,"",NA,NA,7901,7903,255,7647,"portal"
"ZcTag063",171934,1,"Transmission","Mk10",5,1503587880,1503594080,"Dive",1,"U",1952,1983,6199,6201,NA,NA,"portal"
"ZcTag063",171934,1,"Transmission","Mk10",5,1503594080,1503600642,"Surface",NA,"",NA,NA,6561,6563,212,6350,"portal"
"ZcTag063",171934,1,"Transmission","Mk10",5,1503600642,1503602918,"Dive",1,"U",824,839,2275,2277,NA,NA,"portal"
"ZcTag063",171934,1,"Transmission","Mk10",5,1503602918,1503603074,"Surface",NA,"",NA,NA,155,157,10,146,"portal"
"ZcTag063",171934,1,"Transmission","Mk10",5,1503603074,1503605216,"Dive",1,"Square",412,419,2141,2143,NA,NA,"portal"
"ZcTag063",171934,1,"Transmission","Mk10",5,1503605216,1503607108,"Surface",NA,"",NA,NA,1891,1893,61,1831,"portal"
"ZcTag063",171934,1,"Transmission","Mk10",5,1503607108,1503611190,"Dive",1,"U",1760,1791,4081,4083,NA,NA,"portal"
"ZcTag063",171934,1,"Transmission","Mk10",1,1503611160,1503664080,"Message",8,"",NA,NA,52883,52957,NA,NA,"portal"
"ZcTag063",171934,1,"Transmission","Mk10",1,1503611160,1503612260,"Surface",NA,"",NA,NA,1099,1101,35,1065,"portal"
"ZcTag063",171934,1,"Transmission","Mk10",1,1503612260,1503615330,"Dive",1,"U",1408,1439,3069,3071,NA,NA,"portal"
"ZcTag063",171934,1,"Transmission","Mk10",1,1503615330,1503622094,"Surface",NA,"",NA,NA,6763,6765,218,6546,"portal"
"ZcTag063",171934,1,"Transmission","Mk10",1,1503622094,1503625692,"Dive",1,"Square",1376,1407,3597,3599,NA,NA,"portal"
"ZcTag063",171934,1,"Transmission","Mk10",1,1503625692,1503648732,"Surface",NA,"",NA,NA,23010,23070,743,22297,"portal"
"ZcTag063",171934,1,"Transmission","Mk10",1,1503648732,1503652164,"Dive",1,"U",1632,1663,3431,3433,NA,NA,"portal"
"ZcTag063",171934,1,"Transmission","Mk10",1,1503652164,1503659518,"Surface",NA,"",NA,NA,7353,7355,237,7117,"portal"
"ZcTag063",171934,1,"Transmission","Mk10",1,1503659518,1503664080,"Dive",1,"U",1792,1823,4561,4563,NA,NA,"portal"
"ZcTag063",171934,1,"Transmission","Mk10",4,1503664140,1503698818,"Message",9,"",NA,NA,34669,34687,NA,NA,"portal"
"ZcTag063",171934,1,"Transmission","Mk10",4,1503664140,1503676990,"Surface",NA,"",NA,NA,12849,12851,415,12435,"portal"
"ZcTag063",171934,1,"Transmission","Mk10",4,1503676990,1503681218,"Dive",1,"Square",1280,1311,4227,4229,NA,NA,"portal"
"ZcTag063",171934,1,"Transmission","Mk10",4,1503681218,1503683142,"Surface",NA,"",NA,NA,1923,1925,62,1862,"portal"
"ZcTag063",171934,1,"Transmission","Mk10",4,1503683142,1503685778,"Dive",1,"U",1280,1311,2635,2637,NA,NA,"portal"
"ZcTag063",171934,1,"Transmission","Mk10",4,1503685778,1503689702,"Surface",NA,"",NA,NA,3923,3925,127,3797,"portal"
"ZcTag063",171934,1,"Transmission","Mk10",4,1503689702,1503692950,"Dive",1,"U",1440,1471,3247,3249,NA,NA,"portal"
"ZcTag063",171934,1,"Transmission","Mk10",4,1503692950,1503695372,"Surface",NA,"",NA,NA,2421,2423,78,2344,"portal"
"ZcTag063",171934,1,"Transmission","Mk10",4,1503695372,1503698098,"Dive",1,"V",1248,1279,2725,2727,NA,NA,"portal"
"ZcTag063",171934,1,"Transmission","Mk10",4,1503698098,1503698818,"Surface",NA,"",NA,NA,719,721,23,697,"portal"
"ZcTag063",171934,1,"Transmission","Mk10",3,1503698760,1503757310,"Message",8,"",NA,NA,58513,58587,NA,NA,"portal"
"ZcTag063",171934,1,"Transmission","Mk10",3,1503698760,1503701660,"Dive",1,"U",1504,1535,2899,2901,NA,NA,"portal"
"ZcTag063",171934,1,"Transmission","Mk10",3,1503701660,1503734120,"Surface",NA,"",NA,NA,32430,32490,1047,31413,"portal"
"ZcTag063",171934,1,"Transmission","Mk10",3,1503734120,1503737148,"Dive",1,"Square",1120,1151,3027,3029,NA,NA,"portal"
"ZcTag063",171934,1,"Transmission","Mk10",3,1503737148,1503745130,"Surface",NA,"",NA,NA,7981,7983,257,7725,"portal"
"ZcTag063",171934,1,"Transmission","Mk10",3,1503745130,1503748830,"Dive",1,"U",1952,1983,3699,3701,NA,NA,"portal"
"ZcTag063",171934,1,"Transmission","Mk10",3,1503748830,1503752410,"Surface",NA,"",NA,NA,3579,3581,115,3465,"portal"
"ZcTag063",171934,1,"Transmission","Mk10",3,1503752410,1503756000,"Dive",1,"Square",1216,1247,3589,3591,NA,NA,"portal"
"ZcTag063",171934,1,"Transmission","Mk10",3,1503756000,1503757310,"Surface",NA,"",NA,NA,1309,1311,42,1268,"portal"
"ZcTag063",171934,1,"Transmission","Mk10",1,1503757320,1503784062,"Message",8,"",NA,NA,26734,26750,NA,NA,"portal"
"ZcTag063",171934,1,"Transmission","Mk10",1,1503757320,1503760444,"Dive",1,"U",1344,1375,3123,3125,NA,NA,"portal"
"ZcTag063",171934,1,"Transmission","Mk10",1,1503760444,1503763728,"Surface",NA,"",NA,NA,3283,3285,106,3178,"portal"
"ZcTag063",171934,1,"Transmission","Mk10",1,1503763728,1503766584,"Dive",1,"U",1184,1215,2855,2857,NA,NA,"portal"
"ZcTag063",171934,1,"Transmission","Mk10",1,1503766584,1503766942,"Surface",NA,"",NA,NA,357,359,23,335,"portal"
"ZcTag063",171934,1,"Transmission","Mk10",1,1503766942,1503770446,"Dive",1,"Square",1216,1247,3503,3505,NA,NA,"portal"
"ZcTag063",171934,1,"Transmission","Mk10",1,1503770446,1503771816,"Surface",NA,"",NA,NA,1369,1371,44,1326,"portal"
"ZcTag063",171934,1,"Transmission","Mk10",1,1503771816,1503775510,"Dive",1,"U",1888,1919,3693,3695,NA,NA,"portal"
"ZcTag063",171934,1,"Transmission","Mk10",1,1503775510,1503784062,"Surface",NA,"",NA,NA,8551,8553,276,8276,"portal"
"ZcTag063",171934,1,"Transmission","Mk10",2,1503784080,1503840944,"Message",8,"",NA,NA,56798,56930,NA,NA,"portal"
"ZcTag063",171934,1,"Transmission","Mk10",2,1503784080,1503787408,"Dive",1,"Square",1184,1215,3327,3329,NA,NA,"portal"
"ZcTag063",171934,1,"Transmission","Mk10",2,1503787408,1503805348,"Surface",NA,"",NA,NA,17910,17970,579,17361,"portal"
"ZcTag063",171934,1,"Transmission","Mk10",2,1503805348,1503811044,"Dive",1,"Square",1856,1887,5695,5697,NA,NA,"portal"
"ZcTag063",171934,1,"Transmission","Mk10",2,1503811044,1503832044,"Surface",NA,"",NA,NA,20970,21030,677,20323,"portal"
"ZcTag063",171934,1,"Transmission","Mk10",2,1503832044,1503834350,"Dive",1,"Square",404,411,2305,2307,NA,NA,"portal"
"ZcTag063",171934,1,"Transmission","Mk10",2,1503834350,1503834510,"Surface",NA,"",NA,NA,159,161,15,145,"portal"
"ZcTag063",171934,1,"Transmission","Mk10",2,1503834510,1503836662,"Dive",1,"Square",388,395,2151,2153,NA,NA,"portal"
"ZcTag063",171934,1,"Transmission","Mk10",2,1503836662,1503840944,"Surface",NA,"",NA,NA,4281,4283,138,4144,"portal"
"ZcTag063",171934,1,"Transmission","Mk10",3,1503840960,1503875268,"Message",8,"",NA,NA,34300,34316,NA,NA,"portal"
"ZcTag063",171934,1,"Transmission","Mk10",3,1503840960,1503844774,"Dive",1,"U",1920,1951,3813,3815,NA,NA,"portal"
"ZcTag063",171934,1,"Transmission","Mk10",3,1503844774,1503850536,"Surface",NA,"",NA,NA,5761,5763,186,5576,"portal"
"ZcTag063",171934,1,"Transmission","Mk10",3,1503850536,1503854124,"Dive",1,"U",1536,1567,3587,3589,NA,NA,"portal"
"ZcTag063",171934,1,"Transmission","Mk10",3,1503854124,1503856230,"Surface",NA,"",NA,NA,2105,2107,68,2038,"portal"
"ZcTag063",171934,1,"Transmission","Mk10",3,1503856230,1503859628,"Dive",1,"U",1120,1151,3397,3399,NA,NA,"portal"
"ZcTag063",171934,1,"Transmission","Mk10",3,1503859628,1503863666,"Surface",NA,"",NA,NA,4037,4039,130,3908,"portal"
"ZcTag063",171934,1,"Transmission","Mk10",3,1503863666,1503867338,"Dive",1,"Square",1184,1215,3671,3673,NA,NA,"portal"
"ZcTag063",171934,1,"Transmission","Mk10",3,1503867338,1503875268,"Surface",NA,"",NA,NA,7929,7931,256,7674,"portal"
"ZcTag063",171934,1,"Transmission","Mk10",1,1503875280,1503932636,"Message",8,"",NA,NA,57319,57393,NA,NA,"portal"
"ZcTag063",171934,1,"Transmission","Mk10",1,1503875280,1503878796,"Dive",1,"Square",1120,1151,3515,3517,NA,NA,"portal"
"ZcTag063",171934,1,"Transmission","Mk10",1,1503878796,1503883554,"Surface",NA,"",NA,NA,4757,4759,153,4605,"portal"
"ZcTag063",171934,1,"Transmission","Mk10",1,1503883554,1503885942,"Dive",1,"U",1280,1311,2387,2389,NA,NA,"portal"
"ZcTag063",171934,1,"Transmission","Mk10",1,1503885942,1503913422,"Surface",NA,"",NA,NA,27450,27510,886,26594,"portal"
"ZcTag063",171934,1,"Transmission","Mk10",1,1503913422,1503917852,"Dive",1,"U",1184,1215,4429,4431,NA,NA,"portal"
"ZcTag063",171934,1,"Transmission","Mk10",1,1503917852,1503928542,"Surface",NA,"",NA,NA,10689,10691,345,10345,"portal"
"ZcTag063",171934,1,"Transmission","Mk10",1,1503928542,1503932352,"Dive",1,"Square",1152,1183,3809,3811,NA,NA,"portal"
"ZcTag063",171934,1,"Transmission","Mk10",1,1503932352,1503932636,"Surface",NA,"",NA,NA,283,285,27,257,"portal"
"ZcTag063",171934,1,"Transmission","Mk10",4,1503932640,1503962452,"Message",8,"",NA,NA,29804,29820,NA,NA,"portal"
"ZcTag063",171934,1,"Transmission","Mk10",4,1503932640,1503935970,"Dive",1,"Square",1088,1119,3329,3331,NA,NA,"portal"
"ZcTag063",171934,1,"Transmission","Mk10",4,1503935970,1503938998,"Surface",NA,"",NA,NA,3027,3029,98,2930,"portal"
"ZcTag063",171934,1,"Transmission","Mk10",4,1503938998,1503942698,"Dive",1,"Square",1088,1119,3699,3701,NA,NA,"portal"
"ZcTag063",171934,1,"Transmission","Mk10",4,1503942698,1503944004,"Surface",NA,"",NA,NA,1305,1307,42,1264,"portal"
"ZcTag063",171934,1,"Transmission","Mk10",4,1503944004,1503947110,"Dive",1,"U",1216,1247,3105,3107,NA,NA,"portal"
"ZcTag063",171934,1,"Transmission","Mk10",4,1503947110,1503948378,"Surface",NA,"",NA,NA,1267,1269,41,1227,"portal"
"ZcTag063",171934,1,"Transmission","Mk10",4,1503948378,1503951316,"Dive",1,"U",1088,1119,2937,2939,NA,NA,"portal"
"ZcTag063",171934,1,"Transmission","Mk10",4,1503951316,1503962452,"Surface",NA,"",NA,NA,11135,11137,359,10777,"portal"
"ZcTag063",171934,1,"Transmission","Mk10",2,1503962400,1504012852,"Message",8,"",NA,NA,50415,50489,NA,NA,"portal"
"ZcTag063",171934,1,"Transmission","Mk10",2,1503962400,1503964576,"Dive",1,"U",1184,1215,2175,2177,NA,NA,"portal"
"ZcTag063",171934,1,"Transmission","Mk10",2,1503964576,1503969302,"Surface",NA,"",NA,NA,4725,4727,152,4574,"portal"
"ZcTag063",171934,1,"Transmission","Mk10",2,1503969302,1503971420,"Dive",1,"Square",1152,1183,2117,2119,NA,NA,"portal"
"ZcTag063",171934,1,"Transmission","Mk10",2,1503971420,1503991160,"Surface",NA,"",NA,NA,19710,19770,637,19103,"portal"
"ZcTag063",171934,1,"Transmission","Mk10",2,1503991160,1503994396,"Dive",1,"U",1472,1503,3235,3237,NA,NA,"portal"
"ZcTag063",171934,1,"Transmission","Mk10",2,1503994396,1504001114,"Surface",NA,"",NA,NA,6717,6719,217,6501,"portal"
"ZcTag063",171934,1,"Transmission","Mk10",2,1504001114,1504006514,"Dive",1,"Square",1632,1663,5399,5401,NA,NA,"portal"
"ZcTag063",171934,1,"Transmission","Mk10",2,1504006514,1504012852,"Surface",NA,"",NA,NA,6337,6339,204,6134,"portal"
"ZcTag063",171934,1,"Transmission","Mk10",3,1504043460,1504078928,"Message",8,"",NA,NA,35460,35476,NA,NA,"portal"
"ZcTag063",171934,1,"Transmission","Mk10",3,1504043460,1504046374,"Dive",1,"Square",1184,1215,2913,2915,NA,NA,"portal"
"ZcTag063",171934,1,"Transmission","Mk10",3,1504046374,1504049898,"Surface",NA,"",NA,NA,3523,3525,114,3410,"portal"
"ZcTag063",171934,1,"Transmission","Mk10",3,1504049898,1504052568,"Dive",1,"Square",1120,1151,2669,2671,NA,NA,"portal"
"ZcTag063",171934,1,"Transmission","Mk10",3,1504052568,1504056190,"Surface",NA,"",NA,NA,3621,3623,117,3505,"portal"
"ZcTag063",171934,1,"Transmission","Mk10",3,1504056190,1504058924,"Dive",1,"U",1920,1951,2733,2735,NA,NA,"portal"
"ZcTag063",171934,1,"Transmission","Mk10",3,1504058924,1504062578,"Surface",NA,"",NA,NA,3653,3655,118,3536,"portal"
"ZcTag063",171934,1,"Transmission","Mk10",3,1504062578,1504065502,"Dive",1,"U",2064,2127,2923,2925,NA,NA,"portal"
"ZcTag063",171934,1,"Transmission","Mk10",3,1504065502,1504078928,"Surface",NA,"",NA,NA,13425,13427,433,12993,"portal"
"ZcTag063",171934,1,"Transmission","Mk10",4,1504078920,1504110864,"Message",8,"",NA,NA,31936,31952,NA,NA,"portal"
"ZcTag063",171934,1,"Transmission","Mk10",4,1504078920,1504083922,"Dive",1,"U",2128,2191,5001,5003,NA,NA,"portal"
"ZcTag063",171934,1,"Transmission","Mk10",4,1504083922,1504093070,"Surface",NA,"",NA,NA,9147,9149,295,8853,"portal"
"ZcTag063",171934,1,"Transmission","Mk10",4,1504093070,1504097310,"Dive",1,"U",2128,2191,4239,4241,NA,NA,"portal"
"ZcTag063",171934,1,"Transmission","Mk10",4,1504097310,1504102156,"Surface",NA,"",NA,NA,4845,4847,156,4690,"portal"
"ZcTag063",171934,1,"Transmission","Mk10",4,1504102156,1504105480,"Dive",1,"U",2064,2127,3323,3325,NA,NA,"portal"
"ZcTag063",171934,1,"Transmission","Mk10",4,1504105480,1504105698,"Surface",NA,"",NA,NA,217,219,14,204,"portal"
"ZcTag063",171934,1,"Transmission","Mk10",4,1504105698,1504107878,"Dive",1,"U",1152,1183,2179,2181,NA,NA,"portal"
"ZcTag063",171934,1,"Transmission","Mk10",4,1504107878,1504110864,"Surface",NA,"",NA,NA,2985,2987,96,2890,"portal"
"ZcTag063",171934,1,"Transmission","Mk10",5,1504110840,1504135196,"Message",8,"",NA,NA,24348,24364,NA,NA,"portal"
"ZcTag063",171934,1,"Transmission","Mk10",5,1504110840,1504116760,"Dive",1,"V",1920,1951,5919,5921,NA,NA,"portal"
"ZcTag063",171934,1,"Transmission","Mk10",5,1504116760,1504120978,"Surface",NA,"",NA,NA,4217,4219,136,4082,"portal"
"ZcTag063",171934,1,"Transmission","Mk10",5,1504120978,1504122992,"Dive",1,"U",1088,1119,2013,2015,NA,NA,"portal"
"ZcTag063",171934,1,"Transmission","Mk10",5,1504122992,1504126022,"Surface",NA,"",NA,NA,3029,3031,98,2932,"portal"
"ZcTag063",171934,1,"Transmission","Mk10",5,1504126022,1504128438,"Dive",1,"U",1152,1183,2415,2417,NA,NA,"portal"
"ZcTag063",171934,1,"Transmission","Mk10",5,1504128438,1504128682,"Surface",NA,"",NA,NA,243,245,16,228,"portal"
"ZcTag063",171934,1,"Transmission","Mk10",5,1504128682,1504132094,"Dive",1,"U",1568,1599,3411,3413,NA,NA,"portal"
"ZcTag063",171934,1,"Transmission","Mk10",5,1504132094,1504135196,"Surface",NA,"",NA,NA,3101,3103,100,3002,"portal"
"ZcTag063",171934,1,"Transmission","Mk10",5,1504135200,1504174000,"Message",8,"",NA,NA,38792,38808,NA,NA,"portal"
"ZcTag063",171934,1,"Transmission","Mk10",5,1504135200,1504138756,"Dive",1,"U",1472,1503,3555,3557,NA,NA,"portal"
"ZcTag063",171934,1,"Transmission","Mk10",5,1504138756,1504145530,"Surface",NA,"",NA,NA,6773,6775,219,6555,"portal"
"ZcTag063",171934,1,"Transmission","Mk10",5,1504145530,1504148836,"Dive",1,"U",1824,1855,3305,3307,NA,NA,"portal"
"ZcTag063",171934,1,"Transmission","Mk10",5,1504148836,1504154446,"Surface",NA,"",NA,NA,5609,5611,181,5429,"portal"
"ZcTag063",171934,1,"Transmission","Mk10",5,1504154446,1504157660,"Dive",1,"U",1600,1631,3213,3215,NA,NA,"portal"
"ZcTag063",171934,1,"Transmission","Mk10",5,1504157660,1504165194,"Surface",NA,"",NA,NA,7533,7535,243,7291,"portal"
"ZcTag063",171934,1,"Transmission","Mk10",5,1504165194,1504168792,"Dive",1,"Square",1056,1087,3597,3599,NA,NA,"portal"
"ZcTag063",171934,1,"Transmission","Mk10",5,1504168792,1504174000,"Surface",NA,"",NA,NA,5207,5209,168,5040,"portal"
"ZcTag063",171934,1,"Transmission","Mk10",2,1504174020,1504211656,"Message",8,"",NA,NA,37628,37644,NA,NA,"portal"
"ZcTag063",171934,1,"Transmission","Mk10",2,1504174020,1504177464,"Dive",1,"U",904,919,3443,3445,NA,NA,"portal"
"ZcTag063",171934,1,"Transmission","Mk10",2,1504177464,1504187080,"Surface",NA,"",NA,NA,9615,9617,310,9306,"portal"
"ZcTag063",171934,1,"Transmission","Mk10",2,1504187080,1504190956,"Dive",1,"U",1024,1055,3875,3877,NA,NA,"portal"
"ZcTag063",171934,1,"Transmission","Mk10",2,1504190956,1504193950,"Surface",NA,"",NA,NA,2993,2995,97,2897,"portal"
"ZcTag063",171934,1,"Transmission","Mk10",2,1504193950,1504198108,"Dive",1,"U",1536,1567,4157,4159,NA,NA,"portal"
"ZcTag063",171934,1,"Transmission","Mk10",2,1504198108,1504203232,"Surface",NA,"",NA,NA,5123,5125,165,4959,"portal"
"ZcTag063",171934,1,"Transmission","Mk10",2,1504203232,1504207098,"Dive",1,"U",1376,1407,3865,3867,NA,NA,"portal"
"ZcTag063",171934,1,"Transmission","Mk10",2,1504207098,1504211656,"Surface",NA,"",NA,NA,4557,4559,147,4411,"portal"
"ZcTag063",171934,1,"Transmission","Mk10",4,1504211640,1504254530,"Message",8,"",NA,NA,42882,42898,NA,NA,"portal"
"ZcTag063",171934,1,"Transmission","Mk10",4,1504211640,1504216614,"Dive",1,"Square",1440,1471,4973,4975,NA,NA,"portal"
"ZcTag063",171934,1,"Transmission","Mk10",4,1504216614,1504222288,"Surface",NA,"",NA,NA,5673,5675,183,5491,"portal"
"ZcTag063",171934,1,"Transmission","Mk10",4,1504222288,1504226280,"Dive",1,"V",1856,1887,3991,3993,NA,NA,"portal"
"ZcTag063",171934,1,"Transmission","Mk10",4,1504226280,1504230966,"Surface",NA,"",NA,NA,4685,4687,151,4535,"portal"
"ZcTag063",171934,1,"Transmission","Mk10",4,1504230966,1504234596,"Dive",1,"U",1696,1727,3629,3631,NA,NA,"portal"
"ZcTag063",171934,1,"Transmission","Mk10",4,1504234596,1504237478,"Surface",NA,"",NA,NA,2881,2883,93,2789,"portal"
"ZcTag063",171934,1,"Transmission","Mk10",4,1504237478,1504240046,"Dive",1,"U",600,615,2567,2569,NA,NA,"portal"
"ZcTag063",171934,1,"Transmission","Mk10",4,1504240046,1504254530,"Surface",NA,"",NA,NA,14483,14485,467,14017,"portal"
"ZcTag063",171934,1,"Transmission","Mk10",3,1504254540,1504298340,"Message",8,"",NA,NA,43792,43808,NA,NA,"portal"
"ZcTag063",171934,1,"Transmission","Mk10",3,1504254540,1504259620,"Dive",1,"U",1504,1535,5079,5081,NA,NA,"portal"
"ZcTag063",171934,1,"Transmission","Mk10",3,1504259620,1504270846,"Surface",NA,"",NA,NA,11225,11227,362,10864,"portal"
"ZcTag063",171934,1,"Transmission","Mk10",3,1504270846,1504272982,"Dive",1,"U",364,371,2135,2137,NA,NA,"portal"
"ZcTag063",171934,1,"Transmission","Mk10",3,1504272982,1504276604,"Surface",NA,"",NA,NA,3621,3623,117,3505,"portal"
"ZcTag063",171934,1,"Transmission","Mk10",3,1504276604,1504282586,"Dive",1,"U",1792,1823,5981,5983,NA,NA,"portal"
"ZcTag063",171934,1,"Transmission","Mk10",3,1504282586,1504288314,"Surface",NA,"",NA,NA,5727,5729,185,5543,"portal"
"ZcTag063",171934,1,"Transmission","Mk10",3,1504288314,1504292972,"Dive",1,"U",1728,1759,4657,4659,NA,NA,"portal"
"ZcTag063",171934,1,"Transmission","Mk10",3,1504292972,1504298340,"Surface",NA,"",NA,NA,5367,5369,173,5195,"portal"
"ZcTag063",171934,1,"Transmission","Mk10",5,1504298280,1504338700,"Message",8,"",NA,NA,40412,40428,NA,NA,"portal"
"ZcTag063",171934,1,"Transmission","Mk10",5,1504298280,1504301964,"Dive",1,"U",1824,1855,3683,3685,NA,NA,"portal"
"ZcTag063",171934,1,"Transmission","Mk10",5,1504301964,1504302044,"Surface",NA,"",NA,NA,79,81,5,75,"portal"
"ZcTag063",171934,1,"Transmission","Mk10",5,1504302044,1504305860,"Dive",1,"V",2128,2191,3815,3817,NA,NA,"portal"
"ZcTag063",171934,1,"Transmission","Mk10",5,1504305860,1504315730,"Surface",NA,"",NA,NA,9869,9871,318,9552,"portal"
"ZcTag063",171934,1,"Transmission","Mk10",5,1504315730,1504318534,"Dive",1,"U",1248,1279,2803,2805,NA,NA,"portal"
"ZcTag063",171934,1,"Transmission","Mk10",5,1504318534,1504325908,"Surface",NA,"",NA,NA,7373,7375,238,7136,"portal"
"ZcTag063",171934,1,"Transmission","Mk10",5,1504325908,1504330296,"Dive",1,"Square",1248,1279,4387,4389,NA,NA,"portal"
"ZcTag063",171934,1,"Transmission","Mk10",5,1504330296,1504338700,"Surface",NA,"",NA,NA,8403,8405,271,8133,"portal"
"ZcTag063",171934,1,"Transmission","Mk10",2,1504338720,1504374992,"Message",8,"",NA,NA,36264,36280,NA,NA,"portal"
"ZcTag063",171934,1,"Transmission","Mk10",2,1504338720,1504342186,"Dive",1,"U",1248,1279,3465,3467,NA,NA,"portal"
"ZcTag063",171934,1,"Transmission","Mk10",2,1504342186,1504348710,"Surface",NA,"",NA,NA,6523,6525,210,6314,"portal"
"ZcTag063",171934,1,"Transmission","Mk10",2,1504348710,1504352486,"Dive",1,"U",1632,1663,3775,3777,NA,NA,"portal"
"ZcTag063",171934,1,"Transmission","Mk10",2,1504352486,1504356816,"Surface",NA,"",NA,NA,4329,4331,140,4190,"portal"
"ZcTag063",171934,1,"Transmission","Mk10",2,1504356816,1504360732,"Dive",1,"U",1664,1695,3915,3917,NA,NA,"portal"
"ZcTag063",171934,1,"Transmission","Mk10",2,1504360732,1504365828,"Surface",NA,"",NA,NA,5095,5097,164,4932,"portal"
"ZcTag063",171934,1,"Transmission","Mk10",2,1504365828,1504370176,"Dive",1,"U",1920,1951,4347,4349,NA,NA,"portal"
"ZcTag063",171934,1,"Transmission","Mk10",2,1504370176,1504374992,"Surface",NA,"",NA,NA,4815,4817,155,4661,"portal"
"ZcTag063",171934,1,"Transmission","Mk10",1,1504375020,1504407792,"Message",8,"",NA,NA,32764,32780,NA,NA,"portal"
"ZcTag063",171934,1,"Transmission","Mk10",1,1504375020,1504379360,"Dive",1,"U",1696,1727,4339,4341,NA,NA,"portal"
"ZcTag063",171934,1,"Transmission","Mk10",1,1504379360,1504387838,"Surface",NA,"",NA,NA,8477,8479,273,8205,"portal"
"ZcTag063",171934,1,"Transmission","Mk10",1,1504387838,1504393782,"Dive",1,"U",1536,1567,5943,5945,NA,NA,"portal"
"ZcTag063",171934,1,"Transmission","Mk10",1,1504393782,1504399226,"Surface",NA,"",NA,NA,5443,5445,176,5268,"portal"
"ZcTag063",171934,1,"Transmission","Mk10",1,1504399226,1504402428,"Dive",1,"Square",1344,1375,3201,3203,NA,NA,"portal"
"ZcTag063",171934,1,"Transmission","Mk10",1,1504402428,1504402926,"Surface",NA,"",NA,NA,497,499,32,466,"portal"
"ZcTag063",171934,1,"Transmission","Mk10",1,1504402926,1504406142,"Dive",1,"U",1664,1695,3215,3217,NA,NA,"portal"
"ZcTag063",171934,1,"Transmission","Mk10",1,1504406142,1504407792,"Surface",NA,"",NA,NA,1649,1651,53,1597,"portal"
"ZcTag063",171934,1,"Transmission","Mk10",1,1504407780,1504444302,"Message",8,"",NA,NA,36514,36530,NA,NA,"gonio"
"ZcTag063",171934,1,"Transmission","Mk10",1,1504407780,1504411490,"Dive",1,"U",1600,1631,3709,3711,NA,NA,"gonio"
"ZcTag063",171934,1,"Transmission","Mk10",1,1504411490,1504418258,"Surface",NA,"",NA,NA,6767,6769,218,6550,"gonio"
"ZcTag063",171934,1,"Transmission","Mk10",1,1504418258,1504421896,"Dive",1,"Square",1568,1599,3637,3639,NA,NA,"gonio"
"ZcTag063",171934,1,"Transmission","Mk10",1,1504421896,1504426682,"Surface",NA,"",NA,NA,4785,4787,154,4632,"gonio"
"ZcTag063",171934,1,"Transmission","Mk10",1,1504426682,1504429730,"Dive",1,"U",1344,1375,3047,3049,NA,NA,"gonio"
"ZcTag063",171934,1,"Transmission","Mk10",1,1504429730,1504433714,"Surface",NA,"",NA,NA,3983,3985,129,3855,"gonio"
"ZcTag063",171934,1,"Transmission","Mk10",1,1504433714,1504437090,"Dive",1,"V",1120,1151,3375,3377,NA,NA,"gonio"
"ZcTag063",171934,1,"Transmission","Mk10",1,1504437090,1504444302,"Surface",NA,"",NA,NA,7211,7213,233,6979,"gonio"
"ZcTag063",171934,1,"Transmission","Mk10",1,1504444260,1504480408,"Message",8,"",NA,NA,36140,36156,NA,NA,"gonio"
"ZcTag063",171934,1,"Transmission","Mk10",1,1504444260,1504448390,"Dive",1,"U",1344,1375,4129,4131,NA,NA,"gonio"
"ZcTag063",171934,1,"Transmission","Mk10",1,1504448390,1504454864,"Surface",NA,"",NA,NA,6473,6475,209,6265,"gonio"
"ZcTag063",171934,1,"Transmission","Mk10",1,1504454864,1504459230,"Dive",1,"Square",1216,1247,4365,4367,NA,NA,"gonio"
"ZcTag063",171934,1,"Transmission","Mk10",1,1504459230,1504463632,"Surface",NA,"",NA,NA,4401,4403,142,4260,"gonio"
"ZcTag063",171934,1,"Transmission","Mk10",1,1504463632,1504468068,"Dive",1,"Square",1600,1631,4435,4437,NA,NA,"gonio"
"ZcTag063",171934,1,"Transmission","Mk10",1,1504468068,1504469740,"Surface",NA,"",NA,NA,1671,1673,54,1618,"gonio"
"ZcTag063",171934,1,"Transmission","Mk10",1,1504469740,1504475586,"Dive",1,"U",1120,1151,5845,5847,NA,NA,"gonio"
"ZcTag063",171934,1,"Transmission","Mk10",1,1504475586,1504480408,"Surface",NA,"",NA,NA,4821,4823,156,4666,"gonio"
"ZcTag063",171934,1,"Transmission","Mk10",1,1504480440,1504513994,"Message",8,"",NA,NA,33546,33562,NA,NA,"portal"
"ZcTag063",171934,1,"Transmission","Mk10",1,1504480440,1504485240,"Dive",1,"Square",1376,1407,4799,4801,NA,NA,"portal"
"ZcTag063",171934,1,"Transmission","Mk10",1,1504485240,1504485994,"Surface",NA,"",NA,NA,753,755,49,705,"portal"
"ZcTag063",171934,1,"Transmission","Mk10",1,1504485994,1504490094,"Dive",1,"U",1312,1343,4099,4101,NA,NA,"portal"
"ZcTag063",171934,1,"Transmission","Mk10",1,1504490094,1504494052,"Surface",NA,"",NA,NA,3957,3959,128,3830,"portal"
"ZcTag063",171934,1,"Transmission","Mk10",1,1504494052,1504498752,"Dive",1,"Square",1472,1503,4699,4701,NA,NA,"portal"
"ZcTag063",171934,1,"Transmission","Mk10",1,1504498752,1504506680,"Surface",NA,"",NA,NA,7927,7929,256,7672,"portal"
"ZcTag063",171934,1,"Transmission","Mk10",1,1504506680,1504510572,"Dive",1,"Square",1248,1279,3891,3893,NA,NA,"portal"
"ZcTag063",171934,1,"Transmission","Mk10",1,1504510572,1504513994,"Surface",NA,"",NA,NA,3421,3423,110,3312,"portal"
"ZcTag063",171934,1,"Transmission","Mk10",1,1504513980,1504539888,"Message",8,"",NA,NA,25900,25916,NA,NA,"gonio"
"ZcTag063",171934,1,"Transmission","Mk10",1,1504513980,1504517936,"Dive",1,"Square",1184,1215,3955,3957,NA,NA,"gonio"
"ZcTag063",171934,1,"Transmission","Mk10",1,1504517936,1504520342,"Surface",NA,"",NA,NA,2405,2407,78,2328,"gonio"
"ZcTag063",171934,1,"Transmission","Mk10",1,1504520342,1504524820,"Dive",1,"Square",1152,1183,4477,4479,NA,NA,"gonio"
"ZcTag063",171934,1,"Transmission","Mk10",1,1504524820,1504527530,"Surface",NA,"",NA,NA,2709,2711,87,2623,"gonio"
"ZcTag063",171934,1,"Transmission","Mk10",1,1504527530,1504531368,"Dive",1,"U",1184,1215,3837,3839,NA,NA,"gonio"
"ZcTag063",171934,1,"Transmission","Mk10",1,1504531368,1504533836,"Surface",NA,"",NA,NA,2467,2469,80,2388,"gonio"
"ZcTag063",171934,1,"Transmission","Mk10",1,1504533836,1504537454,"Dive",1,"U",1536,1567,3617,3619,NA,NA,"gonio"
"ZcTag063",171934,1,"Transmission","Mk10",1,1504537454,1504539888,"Surface",NA,"",NA,NA,2433,2435,79,2355,"gonio"
"ZcTag063",171934,1,"Transmission","Mk10",1,1504539900,1504562948,"Message",8,"",NA,NA,23040,23056,NA,NA,"portal"
"ZcTag063",171934,1,"Transmission","Mk10",1,1504539900,1504543324,"Dive",1,"U",1536,1567,3423,3425,NA,NA,"portal"
"ZcTag063",171934,1,"Transmission","Mk10",1,1504543324,1504544514,"Surface",NA,"",NA,NA,1189,1191,38,1152,"portal"
"ZcTag063",171934,1,"Transmission","Mk10",1,1504544514,1504547572,"Dive",1,"U",1568,1599,3057,3059,NA,NA,"portal"
"ZcTag063",171934,1,"Transmission","Mk10",1,1504547572,1504551476,"Surface",NA,"",NA,NA,3903,3905,126,3778,"portal"
"ZcTag063",171934,1,"Transmission","Mk10",1,1504551476,1504553990,"Dive",1,"U",1376,1407,2513,2515,NA,NA,"portal"
"ZcTag063",171934,1,"Transmission","Mk10",1,1504553990,1504554640,"Surface",NA,"",NA,NA,649,651,42,608,"portal"
"ZcTag063",171934,1,"Transmission","Mk10",1,1504554640,1504557034,"Dive",1,"U",1120,1151,2393,2395,NA,NA,"portal"
"ZcTag063",171934,1,"Transmission","Mk10",1,1504557034,1504562948,"Surface",NA,"",NA,NA,5913,5915,191,5723,"portal"
"ZcTag063",171934,1,"Transmission","Mk10",2,1504562940,1504610804,"Message",8,"",NA,NA,47856,47872,NA,NA,"portal"
"ZcTag063",171934,1,"Transmission","Mk10",2,1504562940,1504566168,"Dive",1,"U",1632,1663,3227,3229,NA,NA,"portal"
"ZcTag063",171934,1,"Transmission","Mk10",2,1504566168,1504577574,"Surface",NA,"",NA,NA,11405,11407,368,11038,"portal"
"ZcTag063",171934,1,"Transmission","Mk10",2,1504577574,1504581324,"Dive",1,"U",1632,1663,3749,3751,NA,NA,"portal"
"ZcTag063",171934,1,"Transmission","Mk10",2,1504581324,1504584368,"Surface",NA,"",NA,NA,3043,3045,98,2946,"portal"
"ZcTag063",171934,1,"Transmission","Mk10",2,1504584368,1504588216,"Dive",1,"U",1536,1567,3847,3849,NA,NA,"portal"
"ZcTag063",171934,1,"Transmission","Mk10",2,1504588216,1504594946,"Surface",NA,"",NA,NA,6729,6731,217,6513,"portal"
"ZcTag063",171934,1,"Transmission","Mk10",2,1504594946,1504598760,"Dive",1,"U",1504,1535,3813,3815,NA,NA,"portal"
"ZcTag063",171934,1,"Transmission","Mk10",2,1504598760,1504610804,"Surface",NA,"",NA,NA,12043,12045,389,11655,"portal"
"ZcTag063",171934,1,"Transmission","Mk10",1,1504610760,1504654488,"Message",8,"",NA,NA,43720,43736,NA,NA,"portal"
"ZcTag063",171934,1,"Transmission","Mk10",1,1504610760,1504616668,"Dive",1,"U",1472,1503,5907,5909,NA,NA,"portal"
"ZcTag063",171934,1,"Transmission","Mk10",1,1504616668,1504624104,"Surface",NA,"",NA,NA,7435,7437,240,7196,"portal"
"ZcTag063",171934,1,"Transmission","Mk10",1,1504624104,1504627920,"Dive",1,"Square",1152,1183,3815,3817,NA,NA,"portal"
"ZcTag063",171934,1,"Transmission","Mk10",1,1504627920,1504633802,"Surface",NA,"",NA,NA,5881,5883,190,5692,"portal"
"ZcTag063",171934,1,"Transmission","Mk10",1,1504633802,1504637380,"Dive",1,"Square",1216,1247,3577,3579,NA,NA,"portal"
"ZcTag063",171934,1,"Transmission","Mk10",1,1504637380,1504642026,"Surface",NA,"",NA,NA,4645,4647,150,4496,"portal"
"ZcTag063",171934,1,"Transmission","Mk10",1,1504642026,1504645446,"Dive",1,"Square",1184,1215,3419,3421,NA,NA,"portal"
"ZcTag063",171934,1,"Transmission","Mk10",1,1504645446,1504654488,"Surface",NA,"",NA,NA,9041,9043,292,8750,"portal"
"ZcTag063",171934,1,"Transmission","Mk10",4,1504654500,1504678488,"Message",8,"",NA,NA,23980,23996,NA,NA,"portal"
"ZcTag063",171934,1,"Transmission","Mk10",4,1504654500,1504658324,"Dive",1,"U",1408,1439,3823,3825,NA,NA,"portal"
"ZcTag063",171934,1,"Transmission","Mk10",4,1504658324,1504659604,"Surface",NA,"",NA,NA,1279,1281,41,1239,"portal"
"ZcTag063",171934,1,"Transmission","Mk10",4,1504659604,1504662570,"Dive",1,"U",1184,1215,2965,2967,NA,NA,"portal"
"ZcTag063",171934,1,"Transmission","Mk10",4,1504662570,1504668070,"Surface",NA,"",NA,NA,5499,5501,177,5323,"portal"
"ZcTag063",171934,1,"Transmission","Mk10",4,1504668070,1504672086,"Dive",1,"Square",1280,1311,4015,4017,NA,NA,"portal"
"ZcTag063",171934,1,"Transmission","Mk10",4,1504672086,1504673524,"Surface",NA,"",NA,NA,1437,1439,46,1392,"portal"
"ZcTag063",171934,1,"Transmission","Mk10",4,1504673524,1504676662,"Dive",1,"U",1312,1343,3137,3139,NA,NA,"portal"
"ZcTag063",171934,1,"Transmission","Mk10",4,1504676662,1504678488,"Surface",NA,"",NA,NA,1825,1827,59,1767,"portal"
"ZcTag063",171934,1,"Transmission","Mk10",2,1504678500,1504707614,"Message",8,"",NA,NA,29106,29122,NA,NA,"portal"
"ZcTag063",171934,1,"Transmission","Mk10",2,1504678500,1504681932,"Dive",1,"U",1312,1343,3431,3433,NA,NA,"portal"
"ZcTag063",171934,1,"Transmission","Mk10",2,1504681932,1504688612,"Surface",NA,"",NA,NA,6679,6681,215,6465,"portal"
"ZcTag063",171934,1,"Transmission","Mk10",2,1504688612,1504691502,"Dive",1,"U",1504,1535,2889,2891,NA,NA,"portal"
"ZcTag063",171934,1,"Transmission","Mk10",2,1504691502,1504693378,"Surface",NA,"",NA,NA,1875,1877,61,1815,"portal"
"ZcTag063",171934,1,"Transmission","Mk10",2,1504693378,1504696202,"Dive",1,"U",1664,1695,2823,2825,NA,NA,"portal"
"ZcTag063",171934,1,"Transmission","Mk10",2,1504696202,1504696522,"Surface",NA,"",NA,NA,319,321,21,299,"portal"
"ZcTag063",171934,1,"Transmission","Mk10",2,1504696522,1504700010,"Dive",1,"U",1280,1311,3487,3489,NA,NA,"portal"
"ZcTag063",171934,1,"Transmission","Mk10",2,1504700010,1504707614,"Surface",NA,"",NA,NA,7603,7605,245,7359,"portal"
"ZcTag063",171934,1,"Transmission","Mk10",1,1504737240,1504772442,"Message",8,"",NA,NA,35194,35210,NA,NA,"portal"
"ZcTag063",171934,1,"Transmission","Mk10",1,1504737240,1504740794,"Dive",1,"Square",1408,1439,3553,3555,NA,NA,"portal"
"ZcTag063",171934,1,"Transmission","Mk10",1,1504740794,1504752092,"Surface",NA,"",NA,NA,11297,11299,364,10934,"portal"
"ZcTag063",171934,1,"Transmission","Mk10",1,1504752092,1504755618,"Dive",1,"Square",1408,1439,3525,3527,NA,NA,"portal"
"ZcTag063",171934,1,"Transmission","Mk10",1,1504755618,1504760140,"Surface",NA,"",NA,NA,4521,4523,146,4376,"portal"
"ZcTag063",171934,1,"Transmission","Mk10",1,1504760140,1504763378,"Dive",1,"U",1920,1951,3237,3239,NA,NA,"portal"
"ZcTag063",171934,1,"Transmission","Mk10",1,1504763378,1504765322,"Surface",NA,"",NA,NA,1943,1945,63,1881,"portal"
"ZcTag063",171934,1,"Transmission","Mk10",1,1504765322,1504767572,"Dive",1,"U",1120,1151,2249,2251,NA,NA,"portal"
"ZcTag063",171934,1,"Transmission","Mk10",1,1504767572,1504772442,"Surface",NA,"",NA,NA,4869,4871,157,4713,"portal"
"ZcTag063",171934,1,"Transmission","Mk10",1,1504772400,1504801702,"Message",8,"",NA,NA,29294,29310,NA,NA,"portal"
"ZcTag063",171934,1,"Transmission","Mk10",1,1504772400,1504776846,"Dive",1,"U",1280,1311,4445,4447,NA,NA,"portal"
"ZcTag063",171934,1,"Transmission","Mk10",1,1504776846,1504781208,"Surface",NA,"",NA,NA,4361,4363,141,4221,"portal"
"ZcTag063",171934,1,"Transmission","Mk10",1,1504781208,1504783748,"Dive",1,"U",1120,1151,2539,2541,NA,NA,"portal"
"ZcTag063",171934,1,"Transmission","Mk10",1,1504783748,1504786938,"Surface",NA,"",NA,NA,3189,3191,103,3087,"portal"
"ZcTag063",171934,1,"Transmission","Mk10",1,1504786938,1504790416,"Dive",1,"U",1920,1951,3477,3479,NA,NA,"portal"
"ZcTag063",171934,1,"Transmission","Mk10",1,1504790416,1504793430,"Surface",NA,"",NA,NA,3013,3015,97,2917,"portal"
"ZcTag063",171934,1,"Transmission","Mk10",1,1504793430,1504797030,"Dive",1,"Square",1184,1215,3599,3601,NA,NA,"portal"
"ZcTag063",171934,1,"Transmission","Mk10",1,1504797030,1504801702,"Surface",NA,"",NA,NA,4671,4673,151,4521,"portal"
"ZcTag063",171934,1,"Transmission","Mk10",2,1504801740,1504829634,"Message",8,"",NA,NA,27886,27902,NA,NA,"portal"
"ZcTag063",171934,1,"Transmission","Mk10",2,1504801740,1504805646,"Dive",1,"Square",1216,1247,3905,3907,NA,NA,"portal"
"ZcTag063",171934,1,"Transmission","Mk10",2,1504805646,1504810006,"Surface",NA,"",NA,NA,4359,4361,141,4219,"portal"
"ZcTag063",171934,1,"Transmission","Mk10",2,1504810006,1504813798,"Dive",1,"U",1536,1567,3791,3793,NA,NA,"portal"
"ZcTag063",171934,1,"Transmission","Mk10",2,1504813798,1504816654,"Surface",NA,"",NA,NA,2855,2857,92,2764,"portal"
"ZcTag063",171934,1,"Transmission","Mk10",2,1504816654,1504820182,"Dive",1,"Square",1280,1311,3527,3529,NA,NA,"portal"
"ZcTag063",171934,1,"Transmission","Mk10",2,1504820182,1504824058,"Surface",NA,"",NA,NA,3875,3877,125,3751,"portal"
"ZcTag063",171934,1,"Transmission","Mk10",2,1504824058,1504827568,"Dive",1,"Square",1152,1183,3509,3511,NA,NA,"portal"
"ZcTag063",171934,1,"Transmission","Mk10",2,1504827568,1504829634,"Surface",NA,"",NA,NA,2065,2067,67,1999,"portal"
"ZcTag063",171934,1,"Transmission","Mk10",1,1504829580,1504864758,"Message",8,"",NA,NA,35170,35186,NA,NA,"portal"
"ZcTag063",171934,1,"Transmission","Mk10",1,1504829580,1504833128,"Dive",1,"Square",1216,1247,3547,3549,NA,NA,"portal"
"ZcTag063",171934,1,"Transmission","Mk10",1,1504833128,1504837518,"Surface",NA,"",NA,NA,4389,4391,142,4248,"portal"
"ZcTag063",171934,1,"Transmission","Mk10",1,1504837518,1504841338,"Dive",1,"Square",1216,1247,3819,3821,NA,NA,"portal"
"ZcTag063",171934,1,"Transmission","Mk10",1,1504841338,1504847826,"Surface",NA,"",NA,NA,6487,6489,209,6279,"portal"
"ZcTag063",171934,1,"Transmission","Mk10",1,1504847826,1504851444,"Dive",1,"Square",1184,1215,3617,3619,NA,NA,"portal"
"ZcTag063",171934,1,"Transmission","Mk10",1,1504851444,1504853964,"Surface",NA,"",NA,NA,2519,2521,81,2439,"portal"
"ZcTag063",171934,1,"Transmission","Mk10",1,1504853964,1504857314,"Dive",1,"U",1216,1247,3349,3351,NA,NA,"portal"
"ZcTag063",171934,1,"Transmission","Mk10",1,1504857314,1504864758,"Surface",NA,"",NA,NA,7443,7445,240,7204,"portal"
"ZcTag063",171934,1,"Transmission","Mk10",1,1504864800,1504905604,"Message",8,"",NA,NA,40796,40812,NA,NA,"portal"
"ZcTag063",171934,1,"Transmission","Mk10",1,1504864800,1504869266,"Dive",1,"U",1280,1311,4465,4467,NA,NA,"portal"
"ZcTag063",171934,1,"Transmission","Mk10",1,1504869266,1504874692,"Surface",NA,"",NA,NA,5425,5427,175,5251,"portal"
"ZcTag063",171934,1,"Transmission","Mk10",1,1504874692,1504878530,"Dive",1,"U",1312,1343,3837,3839,NA,NA,"portal"
"ZcTag063",171934,1,"Transmission","Mk10",1,1504878530,1504882728,"Surface",NA,"",NA,NA,4197,4199,135,4063,"portal"
"ZcTag063",171934,1,"Transmission","Mk10",1,1504882728,1504887648,"Dive",1,"U",1920,1951,4919,4921,NA,NA,"portal"
"ZcTag063",171934,1,"Transmission","Mk10",1,1504887648,1504895370,"Surface",NA,"",NA,NA,7721,7723,249,7473,"portal"
"ZcTag063",171934,1,"Transmission","Mk10",1,1504895370,1504899146,"Dive",1,"Square",1440,1471,3775,3777,NA,NA,"portal"
"ZcTag063",171934,1,"Transmission","Mk10",1,1504899146,1504905604,"Surface",NA,"",NA,NA,6457,6459,208,6250,"portal"
"ZcTag063",171934,1,"Transmission","Mk10",1,1505041740,1505058948,"Message",9,"",NA,NA,17199,17217,NA,NA,"portal"
"ZcTag063",171934,1,"Transmission","Mk10",1,1505041740,1505043970,"Dive",1,"Square",436,443,2229,2231,NA,NA,"portal"
"ZcTag063",171934,1,"Transmission","Mk10",1,1505043970,1505044080,"Surface",NA,"",NA,NA,109,111,14,96,"portal"
"ZcTag063",171934,1,"Transmission","Mk10",1,1505044080,1505046918,"Dive",1,"Square",680,695,2837,2839,NA,NA,"portal"
"ZcTag063",171934,1,"Transmission","Mk10",1,1505046918,1505046968,"Surface",NA,"",NA,NA,49,51,6,44,"portal"
"ZcTag063",171934,1,"Transmission","Mk10",1,1505046968,1505049198,"Dive",1,"Square",428,435,2229,2231,NA,NA,"portal"
"ZcTag063",171934,1,"Transmission","Mk10",1,1505049198,1505049334,"Surface",NA,"",NA,NA,135,137,13,123,"portal"
"ZcTag063",171934,1,"Transmission","Mk10",1,1505049334,1505052528,"Dive",1,"V",1440,1471,3193,3195,NA,NA,"portal"
"ZcTag063",171934,1,"Transmission","Mk10",1,1505052528,1505056124,"Surface",NA,"",NA,NA,3595,3597,116,3480,"portal"
"ZcTag063",171934,1,"Transmission","Mk10",1,1505056124,1505058948,"Dive",1,"V",1376,1407,2823,2825,NA,NA,"portal"
"ZcTag063",171934,1,"Transmission","Mk10",4,1505058900,1505093248,"Message",8,"",NA,NA,34340,34356,NA,NA,"portal"
"ZcTag063",171934,1,"Transmission","Mk10",4,1505058900,1505062958,"Surface",NA,"",NA,NA,4057,4059,131,3927,"portal"
"ZcTag063",171934,1,"Transmission","Mk10",4,1505062958,1505067216,"Dive",1,"U",1504,1535,4257,4259,NA,NA,"portal"
"ZcTag063",171934,1,"Transmission","Mk10",4,1505067216,1505072614,"Surface",NA,"",NA,NA,5397,5399,174,5224,"portal"
"ZcTag063",171934,1,"Transmission","Mk10",4,1505072614,1505076896,"Dive",1,"U",1440,1471,4281,4283,NA,NA,"portal"
"ZcTag063",171934,1,"Transmission","Mk10",4,1505076896,1505082046,"Surface",NA,"",NA,NA,5149,5151,166,4984,"portal"
"ZcTag063",171934,1,"Transmission","Mk10",4,1505082046,1505086182,"Dive",1,"U",1536,1567,4135,4137,NA,NA,"portal"
"ZcTag063",171934,1,"Transmission","Mk10",4,1505086182,1505089888,"Surface",NA,"",NA,NA,3705,3707,120,3586,"portal"
"ZcTag063",171934,1,"Transmission","Mk10",4,1505089888,1505093248,"Dive",1,"Square",1344,1375,3359,3361,NA,NA,"portal"
"ZcTag063",171934,1,"Transmission","Mk10",1,1505093280,1505125142,"Message",8,"",NA,NA,31854,31870,NA,NA,"portal"
"ZcTag063",171934,1,"Transmission","Mk10",1,1505093280,1505095940,"Surface",NA,"",NA,NA,2659,2661,86,2574,"portal"
"ZcTag063",171934,1,"Transmission","Mk10",1,1505095940,1505099274,"Dive",1,"Square",1280,1311,3333,3335,NA,NA,"portal"
"ZcTag063",171934,1,"Transmission","Mk10",1,1505099274,1505103022,"Surface",NA,"",NA,NA,3747,3749,121,3627,"portal"
"ZcTag063",171934,1,"Transmission","Mk10",1,1505103022,1505105576,"Dive",1,"U",1312,1343,2553,2555,NA,NA,"portal"
"ZcTag063",171934,1,"Transmission","Mk10",1,1505105576,1505113018,"Surface",NA,"",NA,NA,7441,7443,240,7202,"portal"
"ZcTag063",171934,1,"Transmission","Mk10",1,1505113018,1505115950,"Dive",1,"V",1696,1727,2931,2933,NA,NA,"portal"
"ZcTag063",171934,1,"Transmission","Mk10",1,1505115950,1505121464,"Surface",NA,"",NA,NA,5513,5515,178,5336,"portal"
"ZcTag063",171934,1,"Transmission","Mk10",1,1505121464,1505125142,"Dive",1,"U",1408,1439,3677,3679,NA,NA,"portal"
"ZcTag063",171934,1,"Transmission","Mk10",2,1505125140,1505150136,"Message",9,"",NA,NA,24987,25005,NA,NA,"portal"
"ZcTag063",171934,1,"Transmission","Mk10",2,1505125140,1505127684,"Surface",NA,"",NA,NA,2543,2545,82,2462,"portal"
"ZcTag063",171934,1,"Transmission","Mk10",2,1505127684,1505131592,"Dive",1,"Square",1504,1535,3907,3909,NA,NA,"portal"
"ZcTag063",171934,1,"Transmission","Mk10",2,1505131592,1505132814,"Surface",NA,"",NA,NA,1221,1223,39,1183,"portal"
"ZcTag063",171934,1,"Transmission","Mk10",2,1505132814,1505135928,"Dive",1,"U",1568,1599,3113,3115,NA,NA,"portal"
"ZcTag063",171934,1,"Transmission","Mk10",2,1505135928,1505137126,"Surface",NA,"",NA,NA,1197,1199,39,1159,"portal"
"ZcTag063",171934,1,"Transmission","Mk10",2,1505137126,1505140278,"Dive",1,"Square",1344,1375,3151,3153,NA,NA,"portal"
"ZcTag063",171934,1,"Transmission","Mk10",2,1505140278,1505144164,"Surface",NA,"",NA,NA,3885,3887,125,3761,"portal"
"ZcTag063",171934,1,"Transmission","Mk10",2,1505144164,1505147812,"Dive",1,"Square",1184,1215,3647,3649,NA,NA,"portal"
"ZcTag063",171934,1,"Transmission","Mk10",2,1505147812,1505150136,"Surface",NA,"",NA,NA,2323,2325,75,2249,"portal"
"ZcTag063",171934,1,"Transmission","Mk10",3,1505150100,1505176840,"Message",8,"",NA,NA,26732,26748,NA,NA,"portal"
"ZcTag063",171934,1,"Transmission","Mk10",3,1505150100,1505154070,"Dive",1,"Square",1088,1119,3969,3971,NA,NA,"portal"
"ZcTag063",171934,1,"Transmission","Mk10",3,1505154070,1505157544,"Surface",NA,"",NA,NA,3473,3475,112,3362,"portal"
"ZcTag063",171934,1,"Transmission","Mk10",3,1505157544,1505161520,"Dive",1,"Square",1440,1471,3975,3977,NA,NA,"portal"
"ZcTag063",171934,1,"Transmission","Mk10",3,1505161520,1505163968,"Surface",NA,"",NA,NA,2447,2449,79,2369,"portal"
"ZcTag063",171934,1,"Transmission","Mk10",3,1505163968,1505167438,"Dive",1,"Square",1376,1407,3469,3471,NA,NA,"portal"
"ZcTag063",171934,1,"Transmission","Mk10",3,1505167438,1505170312,"Surface",NA,"",NA,NA,2873,2875,93,2781,"portal"
"ZcTag063",171934,1,"Transmission","Mk10",3,1505170312,1505173166,"Dive",1,"Square",1408,1439,2853,2855,NA,NA,"portal"
"ZcTag063",171934,1,"Transmission","Mk10",3,1505173166,1505176840,"Surface",NA,"",NA,NA,3673,3675,119,3555,"portal"
"ZcTag063",171934,1,"Transmission","Mk10",3,1505176860,1505203948,"Message",8,"",NA,NA,27080,27096,NA,NA,"portal"
"ZcTag063",171934,1,"Transmission","Mk10",3,1505176860,1505179080,"Dive",1,"V",1216,1247,2219,2221,NA,NA,"portal"
"ZcTag063",171934,1,"Transmission","Mk10",3,1505179080,1505182942,"Surface",NA,"",NA,NA,3861,3863,125,3737,"portal"
"ZcTag063",171934,1,"Transmission","Mk10",3,1505182942,1505185948,"Dive",1,"U",1472,1503,3005,3007,NA,NA,"portal"
"ZcTag063",171934,1,"Transmission","Mk10",3,1505185948,1505187222,"Surface",NA,"",NA,NA,1273,1275,41,1233,"portal"
"ZcTag063",171934,1,"Transmission","Mk10",3,1505187222,1505190278,"Dive",1,"Square",1280,1311,3055,3057,NA,NA,"portal"
"ZcTag063",171934,1,"Transmission","Mk10",3,1505190278,1505194582,"Surface",NA,"",NA,NA,4303,4305,139,4165,"portal"
"ZcTag063",171934,1,"Transmission","Mk10",3,1505194582,1505197974,"Dive",1,"Square",1312,1343,3391,3393,NA,NA,"portal"
"ZcTag063",171934,1,"Transmission","Mk10",3,1505197974,1505203948,"Surface",NA,"",NA,NA,5973,5975,193,5781,"portal"
"ZcTag063",171934,1,"Transmission","Mk10",3,1505203920,1505229178,"Message",8,"",NA,NA,25250,25266,NA,NA,"portal"
"ZcTag063",171934,1,"Transmission","Mk10",3,1505203920,1505207362,"Dive",1,"U",1248,1279,3441,3443,NA,NA,"portal"
"ZcTag063",171934,1,"Transmission","Mk10",3,1505207362,1505212622,"Surface",NA,"",NA,NA,5259,5261,170,5090,"portal"
"ZcTag063",171934,1,"Transmission","Mk10",3,1505212622,1505216556,"Dive",1,"U",1440,1471,3933,3935,NA,NA,"portal"
"ZcTag063",171934,1,"Transmission","Mk10",3,1505216556,1505219996,"Surface",NA,"",NA,NA,3439,3441,111,3329,"portal"
"ZcTag063",171934,1,"Transmission","Mk10",3,1505219996,1505223336,"Dive",1,"Square",1216,1247,3339,3341,NA,NA,"portal"
"ZcTag063",171934,1,"Transmission","Mk10",3,1505223336,1505225180,"Surface",NA,"",NA,NA,1843,1845,59,1785,"portal"
"ZcTag063",171934,1,"Transmission","Mk10",3,1505225180,1505228626,"Dive",1,"Square",1280,1311,3445,3447,NA,NA,"portal"
"ZcTag063",171934,1,"Transmission","Mk10",3,1505228626,1505229178,"Surface",NA,"",NA,NA,551,553,18,534,"portal"
"ZcTag063",171934,1,"Transmission","Mk10",3,1505229180,1505257210,"Message",8,"",NA,NA,28022,28038,NA,NA,"portal"
"ZcTag063",171934,1,"Transmission","Mk10",3,1505229180,1505232922,"Dive",1,"U",1248,1279,3741,3743,NA,NA,"portal"
"ZcTag063",171934,1,"Transmission","Mk10",3,1505232922,1505233098,"Surface",NA,"",NA,NA,175,177,17,159,"portal"
"ZcTag063",171934,1,"Transmission","Mk10",3,1505233098,1505238098,"Dive",1,"U",1440,1471,4999,5001,NA,NA,"portal"
"ZcTag063",171934,1,"Transmission","Mk10",3,1505238098,1505241396,"Surface",NA,"",NA,NA,3297,3299,106,3192,"portal"
"ZcTag063",171934,1,"Transmission","Mk10",3,1505241396,1505243858,"Dive",1,"U",856,871,2461,2463,NA,NA,"portal"
"ZcTag063",171934,1,"Transmission","Mk10",3,1505243858,1505250436,"Surface",NA,"",NA,NA,6577,6579,212,6366,"portal"
"ZcTag063",171934,1,"Transmission","Mk10",3,1505250436,1505253978,"Dive",1,"Square",1152,1183,3541,3543,NA,NA,"portal"
"ZcTag063",171934,1,"Transmission","Mk10",3,1505253978,1505257210,"Surface",NA,"",NA,NA,3231,3233,104,3128,"portal"
"ZcTag063",171934,1,"Transmission","Mk10",2,1505257200,1505287892,"Message",8,"",NA,NA,30684,30700,NA,NA,"portal"
"ZcTag063",171934,1,"Transmission","Mk10",2,1505257200,1505261972,"Dive",1,"Square",1408,1439,4771,4773,NA,NA,"portal"
"ZcTag063",171934,1,"Transmission","Mk10",2,1505261972,1505265712,"Surface",NA,"",NA,NA,3739,3741,121,3619,"portal"
"ZcTag063",171934,1,"Transmission","Mk10",2,1505265712,1505269594,"Dive",1,"Square",1440,1471,3881,3883,NA,NA,"portal"
"ZcTag063",171934,1,"Transmission","Mk10",2,1505269594,1505273640,"Surface",NA,"",NA,NA,4045,4047,131,3915,"portal"
"ZcTag063",171934,1,"Transmission","Mk10",2,1505273640,1505277142,"Dive",1,"U",1536,1567,3501,3503,NA,NA,"portal"
"ZcTag063",171934,1,"Transmission","Mk10",2,1505277142,1505282364,"Surface",NA,"",NA,NA,5221,5223,168,5054,"portal"
"ZcTag063",171934,1,"Transmission","Mk10",2,1505282364,1505285908,"Dive",1,"V",1664,1695,3543,3545,NA,NA,"portal"
"ZcTag063",171934,1,"Transmission","Mk10",2,1505285908,1505287892,"Surface",NA,"",NA,NA,1983,1985,64,1920,"portal"
"ZcTag063",171934,1,"Transmission","Mk10",5,1505287920,1505318406,"Message",8,"",NA,NA,30478,30494,NA,NA,"portal"
"ZcTag063",171934,1,"Transmission","Mk10",5,1505287920,1505290872,"Dive",1,"U",1344,1375,2951,2953,NA,NA,"portal"
"ZcTag063",171934,1,"Transmission","Mk10",5,1505290872,1505297948,"Surface",NA,"",NA,NA,7075,7077,228,6848,"portal"
"ZcTag063",171934,1,"Transmission","Mk10",5,1505297948,1505301392,"Dive",1,"U",1504,1535,3443,3445,NA,NA,"portal"
"ZcTag063",171934,1,"Transmission","Mk10",5,1505301392,1505305278,"Surface",NA,"",NA,NA,3885,3887,125,3761,"portal"
"ZcTag063",171934,1,"Transmission","Mk10",5,1505305278,1505309510,"Dive",1,"U",1728,1759,4231,4233,NA,NA,"portal"
"ZcTag063",171934,1,"Transmission","Mk10",5,1505309510,1505313032,"Surface",NA,"",NA,NA,3521,3523,114,3408,"portal"
"ZcTag063",171934,1,"Transmission","Mk10",5,1505313032,1505316310,"Dive",1,"U",1248,1279,3277,3279,NA,NA,"portal"
"ZcTag063",171934,1,"Transmission","Mk10",5,1505316310,1505318406,"Surface",NA,"",NA,NA,2095,2097,68,2028,"portal"
"ZcTag063",171934,1,"Transmission","Mk10",5,1505318400,1505344294,"Message",8,"",NA,NA,25886,25902,NA,NA,"portal"
"ZcTag063",171934,1,"Transmission","Mk10",5,1505318400,1505321508,"Dive",1,"U",1312,1343,3107,3109,NA,NA,"portal"
"ZcTag063",171934,1,"Transmission","Mk10",5,1505321508,1505322530,"Surface",NA,"",NA,NA,1021,1023,33,989,"portal"
"ZcTag063",171934,1,"Transmission","Mk10",5,1505322530,1505325314,"Dive",1,"U",1376,1407,2783,2785,NA,NA,"portal"
"ZcTag063",171934,1,"Transmission","Mk10",5,1505325314,1505325486,"Surface",NA,"",NA,NA,171,173,22,150,"portal"
"ZcTag063",171934,1,"Transmission","Mk10",5,1505325486,1505328072,"Dive",1,"U",1184,1215,2585,2587,NA,NA,"portal"
"ZcTag063",171934,1,"Transmission","Mk10",5,1505328072,1505333912,"Surface",NA,"",NA,NA,5839,5841,188,5652,"portal"
"ZcTag063",171934,1,"Transmission","Mk10",5,1505333912,1505337878,"Dive",1,"U",1632,1663,3965,3967,NA,NA,"portal"
"ZcTag063",171934,1,"Transmission","Mk10",5,1505337878,1505344294,"Surface",NA,"",NA,NA,6415,6417,207,6209,"portal"
"ZcTag063",171934,1,"Transmission","Mk10",2,1505344320,1505382310,"Message",8,"",NA,NA,37982,37998,NA,NA,"portal"
"ZcTag063",171934,1,"Transmission","Mk10",2,1505344320,1505347848,"Dive",1,"V",1600,1631,3527,3529,NA,NA,"portal"
"ZcTag063",171934,1,"Transmission","Mk10",2,1505347848,1505350508,"Surface",NA,"",NA,NA,2659,2661,86,2574,"portal"
"ZcTag063",171934,1,"Transmission","Mk10",2,1505350508,1505353790,"Dive",1,"U",1376,1407,3281,3283,NA,NA,"portal"
"ZcTag063",171934,1,"Transmission","Mk10",2,1505353790,1505361162,"Surface",NA,"",NA,NA,7371,7373,238,7134,"portal"
"ZcTag063",171934,1,"Transmission","Mk10",2,1505361162,1505364564,"Dive",1,"U",1312,1343,3401,3403,NA,NA,"portal"
"ZcTag063",171934,1,"Transmission","Mk10",2,1505364564,1505369930,"Surface",NA,"",NA,NA,5365,5367,173,5193,"portal"
"ZcTag063",171934,1,"Transmission","Mk10",2,1505369930,1505373458,"Dive",1,"Square",1312,1343,3527,3529,NA,NA,"portal"
"ZcTag063",171934,1,"Transmission","Mk10",2,1505373458,1505382310,"Surface",NA,"",NA,NA,8851,8853,286,8566,"portal"
"ZcTag063",171934,1,"Transmission","Mk10",2,1505454780,1505489082,"Message",8,"",NA,NA,34294,34310,NA,NA,"portal"
"ZcTag063",171934,1,"Transmission","Mk10",2,1505454780,1505458370,"Dive",1,"U",1664,1695,3589,3591,NA,NA,"portal"
"ZcTag063",171934,1,"Transmission","Mk10",2,1505458370,1505463200,"Surface",NA,"",NA,NA,4829,4831,156,4674,"portal"
"ZcTag063",171934,1,"Transmission","Mk10",2,1505463200,1505467124,"Dive",1,"Square",1536,1567,3923,3925,NA,NA,"portal"
"ZcTag063",171934,1,"Transmission","Mk10",2,1505467124,1505470618,"Surface",NA,"",NA,NA,3493,3495,113,3381,"portal"
"ZcTag063",171934,1,"Transmission","Mk10",2,1505470618,1505474536,"Dive",1,"Square",1376,1407,3917,3919,NA,NA,"portal"
"ZcTag063",171934,1,"Transmission","Mk10",2,1505474536,1505481374,"Surface",NA,"",NA,NA,6837,6839,221,6617,"portal"
"ZcTag063",171934,1,"Transmission","Mk10",2,1505481374,1505485636,"Dive",1,"U",1632,1663,4261,4263,NA,NA,"portal"
"ZcTag063",171934,1,"Transmission","Mk10",2,1505485636,1505489082,"Surface",NA,"",NA,NA,3445,3447,111,3335,"portal"
